Date,Open*,High,Low,Close**,Volume,Market Cap,,
2016/9/3,0.000006,0.000006,0.000006,0.000006,117,,546,
2016/9/4,0.000006,0.000006,0.000006,0.000006,19,"19,572",545,
2016/9/5,0.000006,0.000006,0.000006,0.000006,25,"23,163",544,
2016/9/6,0.000006,0.000006,0.000001,0.000001,18,"24,599",543,
2016/9/7,0.000001,0.000006,0.000001,0.000006,363,"6,699",542,
2016/9/8,0.000006,0.000006,0.000005,0.000005,103,"29,306",541,
2016/9/9,0.000005,0.000006,4.76E-07,0.000006,94,"28,601",540,
2016/9/10,0.000006,0.000006,0.000002,0.000004,125,"35,339",539,
2016/9/11,0.000004,0.000006,0.000004,0.000006,202,"21,669",538,
2016/9/12,0.000006,0.000006,1.91E-07,1.91E-07,61,"37,549",537,
2016/9/13,1.91E-07,2.30E-07,1.53E-07,2.29E-07,21,"1,236",536,
2016/9/14,2.29E-07,2.30E-07,1.53E-07,1.53E-07,40,"1,539",535,
2016/9/15,1.53E-07,3.84E-07,1.14E-07,3.05E-07,21,"1,159",534,
2016/9/16,3.05E-07,3.05E-07,1.52E-07,1.90E-07,9,"2,390",533,
2016/9/17,1.90E-07,2.29E-07,1.52E-07,1.52E-07,33,"1,538",532,
2016/9/18,2.29E-07,2.67E-07,1.52E-07,1.62E-07,48,"2,064",531,
2016/9/19,1.62E-07,1.68E-07,1.15E-07,1.15E-07,30,"1,503",530,
2016/9/20,1.15E-07,3.08E-07,1.15E-07,1.54E-07,19,"1,099",529,
2016/9/21,1.55E-07,1.89E-07,1.13E-07,1.15E-07,43,"1,586",528,
2016/9/22,1.16E-07,1.54E-07,1.13E-07,1.13E-07,14,"1,229",527,
2016/9/23,1.13E-07,1.89E-07,1.13E-07,1.14E-07,20,"1,248",526,
2016/9/24,1.14E-07,2.30E-07,1.14E-07,1.52E-07,38,"1,309",525,
2016/9/25,1.52E-07,1.52E-07,1.13E-07,1.14E-07,19,"1,776",524,
2016/9/26,1.14E-07,1.93E-07,1.14E-07,1.16E-07,48,"1,362",523,
2016/9/27,1.16E-07,1.55E-07,1.15E-07,1.15E-07,17,"1,435",522,
2016/9/28,1.15E-07,1.16E-07,1.15E-07,1.15E-07,20,"1,516",521,
2016/9/29,1.15E-07,2.31E-07,1.15E-07,1.92E-07,11,"1,541",520,
2016/9/30,1.92E-07,1.93E-07,1.15E-07,1.15E-07,0,"2,676",519,
2016/10/1,1.15E-07,1.92E-07,1.15E-07,1.15E-07,21,"1,654",518,
2016/10/2,1.15E-07,1.92E-07,1.14E-07,1.15E-07,176,"1,699",517,
2016/10/3,1.15E-07,1.16E-07,1.15E-07,1.15E-07,3,"1,736",516,
2016/10/4,1.15E-07,1.53E-07,1.15E-07,1.53E-07,55,"1,776",515,
2016/10/5,1.53E-07,1.93E-07,1.53E-07,1.54E-07,48,"2,423",514,
2016/10/6,1.54E-07,1.92E-07,1.53E-07,1.54E-07,53,"2,486",513,
2016/10/7,1.53E-07,2.32E-07,1.53E-07,1.54E-07,54,"2,521",512,
2016/10/8,1.54E-07,2.31E-07,1.53E-07,1.92E-07,70,"2,583",511,
2016/10/9,1.92E-07,1.93E-07,1.52E-07,1.53E-07,28,"3,287",510,
2016/10/10,1.53E-07,2.28E-07,1.51E-07,2.28E-07,83,"2,656",509,
2016/10/11,2.28E-07,2.28E-07,1.14E-07,1.14E-07,27,"4,022",508,
2016/10/12,1.15E-07,1.15E-07,7.51E-08,7.51E-08,36,"2,049",507,
2016/10/13,7.49E-08,7.85E-08,7.49E-08,7.81E-08,5,"1,360",506,
2016/10/14,7.82E-08,7.83E-08,7.77E-08,7.79E-08,8,"1,452",505,
2016/10/15,7.80E-08,7.83E-08,3.87E-08,3.87E-08,0,"1,470",504,
2016/10/16,3.88E-08,7.81E-08,3.88E-08,7.77E-08,8,742,503,
2016/10/17,7.78E-08,7.81E-08,3.86E-08,3.91E-08,4,"1,506",502,
2016/10/18,3.95E-08,9.15E-08,3.84E-08,3.83E-08,60,776,501,
2016/10/19,3.84E-08,7.67E-08,3.83E-08,7.60E-08,26,765,500,
2016/10/20,7.61E-08,7.64E-08,3.78E-08,3.77E-08,1,"1,534",499,
2016/10/21,3.79E-08,3.83E-08,3.76E-08,3.81E-08,1,773,498,
2016/10/23,3.92E-08,3.94E-08,3.91E-08,3.91E-08,4,822,497,
2016/10/24,3.92E-08,3.92E-08,3.87E-08,3.86E-08,4,830,496,
2016/10/25,3.87E-08,3.92E-08,3.87E-08,3.90E-08,1,827,495,
2016/10/26,3.91E-08,7.94E-08,3.90E-08,3.96E-08,21,848,494,
2016/10/27,3.96E-08,4.06E-08,3.96E-08,4.02E-08,3,868,493,
2016/10/28,4.03E-08,4.04E-08,3.95E-08,3.97E-08,1,896,492,
2016/10/29,3.97E-08,4.10E-08,3.97E-08,4.09E-08,1,894,491,
2016/10/30,4.09E-08,8.13E-08,4.04E-08,8.06E-08,49,931,490,
2016/10/31,8.07E-08,8.11E-08,3.98E-08,3.99E-08,0,"1,858",489,
2016/11/1,3.99E-08,4.15E-08,3.99E-08,4.08E-08,5,930,488,
2016/11/2,4.09E-08,8.17E-08,4.05E-08,4.10E-08,20,958,487,
2016/11/3,4.11E-08,4.18E-08,3.81E-08,3.86E-08,7,972,486,
2016/11/4,3.85E-08,7.72E-08,3.82E-08,3.87E-08,36,921,485,
2016/11/5,3.87E-08,3.93E-08,3.85E-08,3.86E-08,3,936,484,
2016/11/6,3.86E-08,3.92E-08,3.84E-08,3.88E-08,7,943,483,
2016/11/7,3.88E-08,7.76E-08,3.79E-08,3.83E-08,33,960,482,
2016/11/8,3.83E-08,3.86E-08,3.82E-08,3.84E-08,3,957,481,
2016/11/9,3.84E-08,3.94E-08,3.81E-08,3.86E-08,5,969,480,
2016/11/10,3.85E-08,3.87E-08,3.81E-08,3.82E-08,8,982,479,
2016/11/11,3.83E-08,3.84E-08,3.80E-08,3.81E-08,6,987,478,
2016/11/12,3.81E-08,3.83E-08,3.75E-08,3.76E-08,0,992,477,
2016/11/13,3.76E-08,3.91E-08,3.69E-08,3.86E-08,0,989,476,
2016/11/14,3.86E-08,3.89E-08,3.87E-08,3.87E-08,14,"1,033",475,
2016/11/15,3.88E-08,7.77E-08,3.87E-08,3.90E-08,13,"1,042",474,
2016/11/16,3.89E-08,4.03E-08,3.89E-08,3.98E-08,0,"1,054",473,
2016/11/17,4.06E-08,5.19E-07,3.94E-08,3.94E-08,70,"1,111",472,
2016/11/18,3.95E-08,8.01E-08,3.95E-08,7.92E-08,39,"1,093",471,
2016/11/19,7.95E-08,7.96E-08,3.94E-08,3.95E-08,6,"2,218",470,
2016/11/20,3.96E-08,3.97E-08,3.90E-08,3.92E-08,4,"1,117",469,
2016/11/21,3.93E-08,3.96E-08,3.92E-08,3.94E-08,4,"1,117",468,
2016/11/22,3.95E-08,7.92E-08,3.91E-08,3.94E-08,3,"1,134",467,
2016/11/23,3.96E-08,7.88E-08,3.93E-08,7.85E-08,4,"1,149",466,
2016/11/24,7.86E-08,7.89E-08,3.89E-08,3.90E-08,5,"2,298",465,
2016/11/25,3.91E-08,3.92E-08,3.89E-08,3.91E-08,3,"1,154",464,
2016/11/26,3.92E-08,3.93E-08,3.88E-08,3.89E-08,21,"1,166",463,
2016/11/27,3.90E-08,3.92E-08,3.88E-08,3.88E-08,4,"1,173",462,
2016/11/28,3.89E-08,3.91E-08,3.88E-08,3.88E-08,3,"1,181",461,
2016/11/29,3.89E-08,7.77E-08,3.87E-08,3.87E-08,26,"1,189",460,
2016/11/30,3.88E-08,3.92E-08,3.88E-08,3.88E-08,12,"1,198",459,
2016/12/1,3.89E-08,3.92E-08,3.89E-08,3.90E-08,5,"1,211",458,
2016/12/2,3.91E-08,7.90E-08,3.92E-08,7.89E-08,11,"1,229",457,
2016/12/3,7.89E-08,7.91E-08,3.91E-08,3.92E-08,0,"2,497",456,
2016/12/4,3.93E-08,7.82E-08,3.90E-08,3.89E-08,7,"1,269",455,
2016/12/5,3.88E-08,3.92E-08,3.33E-08,3.52E-08,4,"1,256",454,
2016/12/6,3.48E-08,3.56E-08,3.49E-08,3.53E-08,10,"1,196",453,
2016/12/7,3.54E-08,3.63E-08,3.51E-08,3.61E-08,6,"1,285",452,
2016/12/8,3.60E-08,3.73E-08,3.60E-08,3.69E-08,5,"1,348",451,
2016/12/9,3.69E-08,3.71E-08,3.68E-08,3.69E-08,40,"1,391",450,
2016/12/10,3.69E-08,7.37E-08,3.64E-08,3.68E-08,3,"1,435",449,
2016/12/11,3.68E-08,3.69E-08,3.63E-08,3.63E-08,9,"1,443",448,
2016/12/12,3.64E-08,3.67E-08,3.62E-08,3.66E-08,8,"1,450",447,
2016/12/13,3.66E-08,3.70E-08,3.65E-08,3.65E-08,4,"1,472",446,
2016/12/14,3.65E-08,3.66E-08,3.59E-08,3.61E-08,15,"1,479",445,
2016/12/15,3.61E-08,3.65E-08,3.60E-08,3.62E-08,4,"1,473",444,
2016/12/16,3.62E-08,3.65E-08,3.61E-08,3.62E-08,4,"1,488",443,
2016/12/17,3.62E-08,3.64E-08,3.61E-08,3.61E-08,0,"1,536",442,
2016/12/18,3.67E-08,7.36E-08,3.67E-08,3.67E-08,20,"1,574",441,
2016/12/19,3.67E-08,3.68E-08,3.65E-08,3.66E-08,11,"1,579",440,
2016/12/20,3.65E-08,3.66E-08,3.64E-08,3.66E-08,9,"1,581",439,
2016/12/21,3.66E-08,3.69E-08,3.65E-08,3.65E-08,4,"1,611",438,
2016/12/22,3.66E-08,3.75E-08,3.66E-08,3.71E-08,4,"1,640",437,
2016/12/23,3.71E-08,4.28E-08,3.71E-08,4.18E-08,0,"1,672",436,
2016/12/24,4.72E-08,4.73E-08,4.42E-08,4.55E-08,0,"2,153",435,
2016/12/25,4.55E-08,4.57E-08,4.22E-08,4.28E-08,0,"2,116",434,
2016/12/27,4.54E-08,4.57E-08,4.44E-08,4.46E-08,3,"2,153",433,
2016/12/28,4.48E-08,4.67E-08,4.49E-08,4.56E-08,3,"2,125",432,
2016/12/29,4.59E-08,4.61E-08,4.51E-08,4.55E-08,5,"2,203",431,
2016/12/30,4.56E-08,4.56E-08,4.29E-08,4.38E-08,5,"2,223",430,
2017/1/1,4.41E-08,4.52E-08,4.40E-08,4.51E-08,6,"2,196",429,
2017/1/2,4.52E-08,4.70E-08,4.48E-08,4.69E-08,0,"2,257",428,
2017/1/9,3.95E-08,4.36E-08,3.94E-08,4.30E-08,12,"2,108",427,
2017/1/10,4.30E-08,4.50E-08,4.29E-08,4.48E-08,7,"2,301",426,
2017/1/11,4.59E-08,7.71E-08,3.80E-08,7.69E-08,6,"2,516",425,
2017/1/12,7.67E-08,7.71E-08,3.82E-08,3.96E-08,54,"4,234",424,
2017/1/13,3.94E-08,3.96E-08,3.80E-08,3.89E-08,8,"2,201",423,
2017/1/14,3.89E-08,3.95E-08,3.88E-08,3.92E-08,0,"2,183",422,
2017/1/17,3.93E-08,3.94E-08,3.93E-08,3.93E-08,32,"2,321",421,
2017/1/18,3.94E-08,3.95E-08,3.78E-08,3.83E-08,63,"2,330",420,
2017/1/19,3.84E-08,3.93E-08,3.81E-08,3.88E-08,0,"2,282",419,
2017/1/20,3.85E-08,3.91E-08,3.85E-08,3.89E-08,5,"2,304",418,
2017/1/21,3.89E-08,3.92E-08,3.89E-08,3.89E-08,4,"2,336",417,
2017/4/12,6.22E-08,0.000004,5.75E-08,0.000004,5,-,416,
2017/4/13,0.000004,0.000004,8.70E-08,0.000002,9,-,415,
2017/4/14,0.000002,0.000002,3.08E-08,4.12E-08,0,-,414,
2017/4/15,3.94E-08,8.77E-07,3.53E-08,3.59E-07,0,-,413,
2017/4/16,3.69E-07,3.93E-07,1.23E-07,1.90E-07,0,-,412,
2017/4/17,1.90E-07,4.57E-07,8.02E-08,4.57E-07,0,-,411,
2017/4/18,4.57E-07,7.02E-07,4.50E-07,6.15E-07,1,-,410,
2017/4/19,6.15E-07,6.31E-07,5.88E-08,1.02E-07,1,-,409,
2017/4/20,1.02E-07,5.82E-07,8.73E-08,2.20E-07,1,-,408,
2017/4/21,2.20E-07,3.18E-07,2.18E-07,3.12E-07,1,-,407,
2017/4/23,2.76E-08,2.78E-08,2.35E-08,2.50E-08,0,-,406,
2017/4/24,2.50E-08,6.23E-08,2.48E-08,4.76E-08,0,-,405,
2017/4/25,7.83E-08,5.82E-07,3.48E-08,4.51E-07,7,-,404,
2017/4/26,4.51E-07,4.52E-07,3.31E-08,9.68E-08,1,-,403,
2017/4/27,9.69E-08,1.16E-07,3.35E-08,3.45E-08,47,-,402,
2017/4/28,3.41E-08,5.28E-08,3.38E-08,5.08E-08,0,-,401,
2017/4/29,5.09E-08,1.10E-07,3.06E-08,1.03E-07,225,-,400,
2017/4/30,1.03E-07,1.08E-07,9.82E-08,1.01E-07,2,-,399,
2017/5/1,1.01E-07,0.000014,8.33E-08,0.000014,16,-,398,
2017/5/2,0.000014,0.000014,1.29E-07,1.34E-07,0,-,397,
2017/5/3,1.34E-07,1.39E-07,2.87E-08,2.95E-08,53,-,396,
2017/5/4,2.98E-08,3.30E-08,2.94E-08,3.21E-08,23,-,395,
2017/5/5,3.18E-08,2.23E-07,3.18E-08,1.90E-07,0,-,394,
2017/5/6,1.90E-07,2.43E-07,4.20E-08,4.19E-08,39,-,393,
2017/5/7,4.22E-08,5.13E-08,4.15E-08,4.66E-08,7,-,392,
2017/5/8,4.77E-08,1.99E-07,4.41E-08,4.85E-08,11,-,391,
2017/5/9,4.88E-08,1.45E-07,3.72E-08,1.40E-07,10,-,390,
2017/5/10,1.42E-07,0.000007,4.64E-08,0.000007,21,-,389,
2017/5/11,0.000007,0.000018,0.000007,0.000011,19,-,388,
2017/5/12,0.000011,0.000011,6.38E-08,6.44E-08,12,-,387,
2017/5/13,6.44E-08,3.52E-07,6.41E-08,1.32E-07,1,-,386,
2017/5/14,1.33E-07,0.000015,7.04E-08,0.000011,256,-,385,
2017/5/15,0.000011,0.000011,5.22E-07,5.22E-07,75,-,384,
2017/5/16,5.21E-07,5.21E-07,5.95E-08,6.11E-08,16,-,383,
2017/5/17,6.11E-08,0.000012,6.11E-08,0.000012,482,-,382,
2017/5/18,0.000012,0.000018,0.000002,0.000002,19,-,381,
2017/5/19,0.000002,0.000002,2.85E-07,0.000002,275,-,380,
2017/5/20,0.000002,0.000018,0.000001,0.000002,79,-,379,
2017/5/21,0.000002,0.000002,1.32E-07,7.98E-07,432,-,378,
2017/5/22,8.04E-07,0.000009,6.41E-07,0.000008,54,-,377,
2017/5/23,0.000008,0.000012,5.69E-07,7.79E-07,252,-,376,
2017/5/24,7.80E-07,0.000005,7.06E-07,0.000004,36,-,375,
2017/5/25,0.000004,0.000005,1.60E-07,3.46E-07,127,-,374,
2017/5/26,3.41E-07,3.47E-07,1.42E-07,1.46E-07,55,-,373,
2017/5/27,1.46E-07,0.000011,1.38E-07,0.000002,686,-,372,
2017/5/28,0.000002,0.000002,1.63E-07,1.67E-07,39,-,371,
2017/5/29,1.66E-07,0.000019,1.48E-07,0.000014,587,-,370,
2017/5/30,0.000014,0.000014,3.80E-07,0.000005,499,-,369,
2017/5/31,0.000005,0.000016,2.92E-07,5.22E-07,302,-,368,
2017/6/1,6.04E-07,0.000002,5.25E-07,0.000001,225,-,367,
2017/6/2,0.000002,0.000007,0.000002,0.000002,392,-,366,
2017/6/3,0.000002,0.000003,5.68E-07,7.43E-07,"1,003",-,365,
2017/6/4,7.47E-07,0.000005,6.19E-07,0.000004,592,-,364,
2017/6/5,0.000004,0.000004,0.000001,0.000001,575,-,363,
2017/6/6,0.000001,0.000006,0.000001,0.000002,"1,804",-,362,
2017/6/7,0.000002,0.000005,0.000001,0.000003,"2,340",-,361,
2017/6/8,0.000003,0.000005,0.000002,0.000004,"2,837",-,360,
2017/6/9,0.000004,0.000005,0.000003,0.000004,"1,749",-,359,
2017/6/10,0.000004,0.000005,0.000002,0.000002,531,-,358,
2017/6/11,0.000002,0.000004,0.000001,0.000003,"6,932",-,357,
2017/6/12,0.000003,0.000005,0.000002,0.000002,"5,371",-,356,
2017/6/13,0.000002,0.000002,0.000001,0.000002,"1,381",-,355,
2017/6/14,0.000002,0.000002,0.000001,0.000002,237,-,354,
2017/6/15,0.000002,0.000005,9.59E-07,0.000004,"33,044",-,353,
2017/6/16,0.000004,0.000007,0.000004,0.000005,"13,887",-,352,
2017/6/17,0.000005,0.000006,0.000004,0.000005,"4,814",-,351,
2017/6/18,0.000005,0.000007,0.000005,0.000006,"42,599",-,350,
2017/6/19,0.000006,0.00001,0.000006,0.00001,"8,152",-,349,
2017/6/20,0.000009,0.000013,0.000008,0.00001,"18,192","757,522",348,
2017/6/21,0.00001,0.000012,0.000007,0.000008,"11,627","840,874",347,
2017/6/22,0.000008,0.000008,0.000003,0.000005,"15,688","661,232",346,
2017/6/23,0.000005,0.000006,0.000004,0.000006,"8,571","417,750",345,
2017/6/24,0.000006,0.000008,0.000005,0.000008,"3,460","492,706",344,
2017/6/25,0.000008,0.000008,0.000002,0.000003,"16,396","674,709",343,
2017/6/26,0.000003,0.000004,0.000002,0.000002,"8,140","264,491",342,
2017/6/27,0.000002,0.000004,0.000002,0.000003,"7,432","159,230",341,
2017/6/28,0.000003,0.00001,0.000003,0.00001,"25,674","447,991",340,
2017/6/29,0.00001,0.000013,0.000007,0.000013,"18,593","1,252,160",339,
2017/6/30,0.000013,0.000018,0.000011,0.000012,"12,042","1,614,280",338,
2017/7/1,0.000012,0.000013,0.000008,0.000008,"8,161","1,548,310",337,
2017/7/2,0.000008,0.000014,0.000008,0.000011,"19,878","1,050,910",336,
2017/7/3,0.000011,0.000011,0.000006,0.000008,"9,762","1,376,800",335,
2017/7/4,0.000008,0.000008,0.000004,0.000004,"7,061","1,038,270",334,
2017/7/5,0.000004,0.000012,0.000004,0.000006,"6,337","582,089",333,
2017/7/6,0.000006,0.000007,0.000003,0.000005,"11,189","865,534",332,
2017/7/7,0.000005,0.000013,0.000005,0.000008,"8,341","687,062",331,
2017/7/8,0.000008,0.000009,0.000005,0.000007,"3,351","1,125,020",330,
2017/7/9,0.000007,0.00001,0.000007,0.000008,"3,484","898,971",329,
2017/7/10,0.000008,0.000008,0.000004,0.000004,"2,735","1,099,360",328,
2017/7/11,0.000004,0.000004,0.000003,0.000003,"6,036","523,479",327,
2017/7/12,0.000003,0.000004,0.000003,0.000003,"4,565","408,434",326,
2017/7/13,0.000003,0.000004,0.000002,0.000004,"4,252","444,865",325,
2017/7/14,0.000004,0.000005,0.000001,0.000002,"5,423","482,158",324,
2017/7/15,0.000002,0.000004,0.000002,0.000004,955,"272,455",323,
2017/7/16,0.000004,0.000004,0.000002,0.000002,"3,117","513,088",322,
2017/7/17,0.000002,0.000004,0.000002,0.000003,"1,859","249,184",321,
2017/7/18,0.000003,0.000004,0.000002,0.000003,"1,729","464,281",320,
2017/7/19,0.000003,0.00001,0.000003,0.00001,"1,287","388,477",319,
2017/7/20,0.000009,0.000011,0.000002,0.000002,"5,513","1,290,360",318,
2017/7/21,0.000002,0.000002,0.000001,0.000002,"1,070","254,881",317,
2017/7/22,0.000002,0.000003,0.000002,0.000003,"2,037","256,384",316,
2017/7/23,0.000003,0.000005,0.000002,0.000003,"2,234","372,421",315,
2017/7/24,0.000003,0.000003,0.000001,0.000002,"2,333","436,114",314,
2017/7/25,0.000002,0.000003,0.000002,0.000002,"3,969","308,223",313,
2017/7/26,0.000002,0.000003,0.000002,0.000003,"1,994","304,770",312,
2017/7/27,0.000003,0.000003,0.000001,0.000002,"1,730","449,653",311,
2017/7/28,0.000002,0.000003,0.000001,0.000003,"1,310","216,366",310,
2017/7/29,0.000003,0.000003,0.000002,0.000002,"1,292","362,599",309,
2017/7/30,0.000002,0.000003,0.000001,0.000003,"1,518","242,287",308,
2017/7/31,0.000003,0.000005,0.000002,0.000002,"1,854","451,976",307,
2017/8/1,0.000002,0.000002,0.000001,0.000001,748,"264,708",306,
2017/8/2,0.000001,0.000002,0.000001,0.000001,"1,334","186,819",305,
2017/8/3,0.000001,0.000004,0.000001,0.000004,"2,087","200,796",304,
2017/8/4,0.000004,0.000004,0.000001,0.000001,"2,598","525,920",303,
2017/8/5,0.000001,0.000002,0.000001,0.000002,"3,117","210,005",302,
2017/8/6,0.000002,0.000002,0.000001,0.000001,"1,950","232,323",301,
2017/8/7,0.000001,0.000002,0.000001,0.000002,"2,783","202,119",300,
2017/8/8,0.000002,0.000003,0.000002,0.000002,"1,699","241,891",299,
2017/8/9,0.000002,0.000002,0.000002,0.000002,"1,486","288,207",298,
2017/8/10,0.000002,0.000005,0.000002,0.000004,"2,520","276,312",297,
2017/8/11,0.000004,0.000018,0.000004,0.000014,"7,374","563,747",296,
2017/8/12,0.000014,0.000014,0.000003,0.000005,"5,496","1,972,390",295,
2017/8/13,0.000005,0.000007,0.000004,0.000007,"4,783","706,660",294,
2017/8/14,0.000007,0.000008,0.000003,0.000003,"6,804","996,619",293,
2017/8/15,0.000003,0.000003,0.000002,0.000003,"8,336","418,997",292,
2017/8/16,0.000003,0.000004,0.000002,0.000003,"4,440","418,462",291,
2017/8/17,0.000003,0.000003,0.000002,0.000003,"8,721","404,995",290,
2017/8/18,0.000003,0.000004,0.000003,0.000004,"3,674","452,030",289,
2017/8/19,0.000004,0.000004,0.000002,0.000003,"5,534","557,193",288,
2017/8/20,0.000003,0.000006,0.000002,0.000003,"4,558","465,594",287,
2017/8/21,0.000003,0.000009,0.000003,0.000009,"1,461","492,029",286,
2017/8/22,0.000009,0.000013,0.000007,0.00001,"3,121","1,252,380",285,
2017/8/23,0.00001,0.00001,0.000004,0.000004,"4,344","1,419,340",284,
2017/8/24,0.000004,0.000004,0.000002,0.000003,"5,216","603,618",283,
2017/8/25,0.000003,0.000007,0.000003,0.000006,"4,065","495,454",282,
2017/8/26,0.000006,0.000007,0.000003,0.000004,"3,481","912,456",281,
2017/8/27,0.000004,0.000005,0.000002,0.000002,"3,456","632,365",280,
2017/8/28,0.000002,0.000005,0.000002,0.000005,"5,165","283,992",279,
2017/8/29,0.000005,0.00001,0.000004,0.000005,"2,336","777,655",278,
2017/8/30,0.000005,0.000005,0.000003,0.000004,"2,850","662,965",277,
2017/8/31,0.000004,0.000004,0.000002,0.000003,"4,431","506,900",276,
2017/9/1,0.000003,0.00001,0.000002,0.000009,"5,370","441,198",275,
2017/9/2,0.000009,0.000012,0.000004,0.000004,"3,514","1,327,830",274,
2017/9/3,0.000004,0.000004,0.000003,0.000003,"3,405","533,291",273,
2017/9/4,0.000003,0.000004,0.000002,0.000002,"4,791","503,941",272,
2017/9/5,0.000002,0.000004,0.000002,0.000004,"1,306","305,158",271,
2017/9/6,0.000004,0.000005,0.000002,0.000003,"4,088","566,310",270,
2017/9/7,0.000003,0.000017,0.000003,0.000017,"2,296","389,277",269,
2017/9/8,0.000017,0.000017,0.000002,0.000005,"2,049","2,449,560",268,
2017/9/9,0.000005,0.000005,0.000003,0.000004,"4,521","673,549",267,
2017/9/10,0.000004,0.000004,0.000003,0.000003,"2,248","588,753",266,
2017/9/11,0.000003,0.000007,0.000002,0.000004,"2,628","449,331",265,
2017/9/12,0.000004,0.000005,0.000003,0.000005,"2,221","530,233",264,
2017/9/13,0.000005,0.000005,0.000002,0.000003,"1,196","746,639",263,
2017/9/14,0.000003,0.000021,0.000002,0.000017,"1,895","496,716",262,
2017/9/15,0.000017,0.000018,0.000005,0.000005,"3,251","2,515,800",261,
2017/9/16,0.000005,0.000008,0.000003,0.000003,"1,977","761,908",260,
2017/9/17,0.000003,0.000004,0.000003,0.000004,"2,047","424,569",259,
2017/9/18,0.000004,0.000008,0.000004,0.000004,"2,671","519,088",258,
2017/9/19,0.000004,0.000004,0.000002,0.000003,"4,419","620,735",257,
2017/9/20,0.000003,0.000007,0.000002,0.000004,401,"500,569",256,
2017/9/21,0.000004,0.000005,0.000002,0.000002,"3,944","537,058",255,
2017/9/22,0.000002,0.000012,0.000001,0.00001,"3,230","285,352",254,
2017/9/23,0.00001,0.000016,0.000007,0.000008,"3,897","1,532,910",253,
2017/9/24,0.000008,0.000008,0.000001,0.000004,"3,988","1,216,700",252,
2017/9/25,0.000004,0.000005,0.000003,0.000004,"4,448","527,558",251,
2017/9/26,0.000004,0.000012,0.000003,0.000012,"5,845","632,581",250,
2017/9/27,0.000012,0.000021,0.000008,0.000008,"4,244","1,808,970",249,
2017/9/28,0.000008,0.000009,0.000004,0.000005,"4,420","1,163,460",248,
2017/9/29,0.000005,0.000006,0.000002,0.000002,"2,975","712,890",247,
2017/9/30,0.000002,0.000004,0.000002,0.000003,"5,096","301,598",246,
2017/10/1,0.000003,0.000003,0.000002,0.000003,"2,752","504,673",245,
2017/10/2,0.000003,0.000012,0.000003,0.000012,"2,642","468,416",244,
2017/10/3,0.000012,0.000021,0.000006,0.000019,"3,836","1,806,790",243,
2017/10/4,0.000019,0.00002,0.000003,0.000008,"2,143","2,821,890",242,
2017/10/5,0.000008,0.00001,0.000005,0.000005,"3,271","1,196,290",241,
2017/10/6,0.000005,0.000006,0.000002,0.000002,"2,843","767,071",240,
2017/10/7,0.000002,0.00001,0.000002,0.000007,"5,336","371,952",239,
2017/10/8,0.000007,0.000007,0.000004,0.000006,"10,373","1,066,290",238,
2017/10/9,0.000006,0.000008,0.000003,0.000003,"7,388","917,748",237,
2017/10/10,0.000003,0.000018,0.000003,0.000013,"7,588","465,097",236,
2017/10/11,0.000013,0.000014,0.000004,0.000006,"2,532","2,035,290",235,
2017/10/12,0.000006,0.000008,0.000003,0.000008,"3,466","913,244",234,
2017/10/13,0.000008,0.000011,0.000005,0.000005,"4,035","1,193,710",233,
2017/10/14,0.000005,0.000006,0.000003,0.000005,"3,814","790,008",232,
2017/10/15,0.000005,0.000008,0.000005,0.000008,"4,644","813,272",231,
2017/10/16,0.000008,0.000014,0.000004,0.000004,"7,803","1,227,990",230,
2017/10/17,0.000004,0.000018,0.000004,0.000018,"2,049","564,898",229,
2017/10/18,0.000018,0.00002,0.000007,0.000007,"1,175","2,756,920",228,
2017/10/19,0.000007,0.000009,0.000004,0.000009,"5,315","1,147,340",227,
2017/10/20,0.000009,0.000018,0.000006,0.000016,"3,639","1,465,440",226,
2017/10/21,0.000016,0.000019,0.000005,0.000006,"1,440","2,441,650",225,
2017/10/22,0.000006,0.000017,0.000006,0.000008,"5,736","974,593",224,
2017/10/23,0.000008,0.000008,0.000003,0.000005,"12,749","1,271,190",223,
2017/10/24,0.000005,0.000016,0.000004,0.000016,"3,314","760,885",222,
2017/10/25,0.000016,0.000016,0.000003,0.000005,"4,063","2,548,660",221,
2017/10/26,0.000005,0.000016,0.000005,0.000011,"4,214","742,780",220,
2017/10/27,0.000012,0.000013,0.000005,0.000007,"1,491","1,850,990",219,
2017/10/28,0.000006,0.000009,0.000004,0.000005,"3,214","1,021,440",218,
2017/10/29,0.000005,0.000005,0.000003,0.000003,"3,934","852,520",217,
2017/10/30,0.000003,0.000003,0.000002,0.000002,"3,395","476,972",216,
2017/10/31,0.000002,0.000016,0.000002,0.000012,"11,002","359,417",215,
2017/11/1,0.000012,0.000012,0.000005,0.000007,"5,707","1,932,880",214,
2017/11/2,0.000007,0.000014,0.000002,0.000011,"5,158","1,171,370",213,
2017/11/3,0.000011,0.000017,0.000002,0.000003,"3,649","1,782,720",212,
2017/11/4,0.000003,0.000009,0.000003,0.000009,"2,940","424,643",211,
2017/11/5,0.000008,0.000009,0.000002,0.000003,"3,576","1,372,410",210,
2017/11/6,0.000003,0.000006,0.000002,0.000003,"7,251","499,782",209,
2017/11/7,0.000003,0.000009,0.000002,0.000009,"3,379","445,217",208,
2017/11/8,0.000009,0.000017,0.000003,0.000013,"3,069","1,425,090",207,
2017/11/9,0.000013,0.000067,0.000013,0.000057,"2,469","2,175,170",206,
2017/11/10,0.000057,0.00006,0.00001,0.000011,"4,192","9,304,640",205,
2017/11/11,0.000011,0.000014,0.000008,0.00001,"3,973","1,761,720",204,
2017/11/12,0.00001,0.00001,0.000004,0.000005,"4,643","1,579,670",203,
2017/11/13,0.000005,0.000008,0.000003,0.000008,"2,816","785,352",202,
2017/11/14,0.000008,0.000009,0.000003,0.000008,"7,165","1,319,560",201,
2017/11/15,0.000008,0.000068,0.000008,0.000055,"13,856","1,282,770",200,
2017/11/16,0.000056,0.000067,0.000023,0.000025,"11,366","9,159,000",199,
2017/11/17,0.000025,0.000027,0.000006,0.000006,"11,559","4,113,190",198,
2017/11/18,0.000006,0.000014,0.000006,0.000013,"9,097","1,033,850",197,
2017/11/19,0.000013,0.000026,0.000009,0.000009,"17,196","2,124,510",196,
2017/11/20,0.000009,0.000009,0.000005,0.000008,"12,127","1,542,600",195,
2017/11/21,0.000008,0.000022,0.000008,0.000022,"10,096","1,417,650",194,
2017/11/22,0.000022,0.000023,0.000014,0.000017,"10,772","3,652,710",193,
2017/11/23,0.000017,0.000017,0.000011,0.000016,"23,732","2,918,170",192,
2017/11/24,0.000016,0.000022,0.000016,0.000016,"13,628","2,709,420",191,
2017/11/25,0.000016,0.000016,0.000006,0.000007,"10,703","2,631,570",190,
2017/11/26,0.000007,0.000015,0.000006,0.000015,"6,818","1,115,360",189,
2017/11/27,0.000015,0.000027,0.000009,0.00001,"8,134","2,639,480",188,
2017/11/28,0.00001,0.000016,0.000009,0.000009,"18,879","1,636,560",187,
2017/11/29,0.000009,0.00001,0.000004,0.000005,"8,225","1,624,340",186,
2017/11/30,0.000005,0.000023,0.000005,0.000023,"2,822","836,725",185,
2017/12/1,0.000023,0.000025,0.000005,0.000007,"12,852","3,926,850",184,
2017/12/2,0.000007,0.000017,0.000007,0.000017,"5,372","1,306,820",183,
2017/12/3,0.000015,0.000023,0.000006,0.000006,"6,458","2,683,520",182,
2017/12/4,0.000006,0.000013,0.000005,0.000012,"5,644","1,114,610",181,
2017/12/5,0.000012,0.000012,0.000006,0.00001,"10,986","2,105,510",180,
2017/12/6,0.00001,0.000018,0.00001,0.000014,"7,254","1,794,120",179,
2017/12/7,0.000014,0.000024,0.000009,0.000024,"13,573","2,416,620",178,
2017/12/8,0.000025,0.000032,0.00002,0.000023,"18,866","4,395,900",177,
2017/12/9,0.000023,0.000024,0.00001,0.000012,"46,691","4,103,940",176,
2017/12/10,0.000012,0.000017,0.000011,0.000015,"49,443","2,075,150",175,
2017/12/11,0.000014,0.000042,0.000014,0.000033,"233,929","2,523,340",174,
2017/12/12,0.000039,0.000127,0.000035,0.000077,"980,729","6,837,080",173,
2017/12/13,0.000078,0.000141,0.000073,0.000126,"1,096,770","13,803,100",172,
2017/12/14,0.000129,0.000179,0.000125,0.000172,"2,323,520","24,328,400",171,
2017/12/15,0.000174,0.000268,0.000169,0.000257,"2,268,370","32,825,700",170,
2017/12/16,0.000199,0.000531,0.000199,0.00048,"5,999,620","37,539,100",169,
2017/12/17,0.000523,0.000559,0.000112,0.000134,"4,543,060","98,838,500",168,
2017/12/18,0.000145,0.000328,0.000145,0.000259,"1,794,410","27,379,500",167,
2017/12/19,0.000259,0.000262,0.000151,0.000172,"1,324,270","49,062,500",166,
2017/12/20,0.000172,0.000295,0.000154,0.000267,"1,051,420","32,720,200",165,
2017/12/21,0.000267,0.000301,0.000147,0.000242,"1,320,110","50,716,400",164,
2017/12/22,0.000241,0.000241,0.000117,0.000192,"598,683","46,513,400",163,
2017/12/23,0.000193,0.000252,0.000164,0.000201,"462,174","37,546,300",162,
2017/12/24,0.000217,0.000249,0.000172,0.000239,"551,770","42,598,700",161,
2017/12/25,0.000237,0.000285,0.000221,0.000259,"589,969","46,472,400",160,
2017/12/26,0.000259,0.000308,0.000216,0.000282,"652,393","50,924,600",159,
2017/12/27,0.000282,0.000385,0.000256,0.000384,"1,379,510","55,475,000",158,
2017/12/28,0.000329,0.000508,0.000319,0.000492,"2,362,570","64,707,100",157,
2017/12/29,0.00046,0.000734,0.000417,0.000731,"3,975,010","90,714,500",156,
2017/12/30,0.000731,0.001154,0.000618,0.001107,"7,088,790","144,453,000",155,
2017/12/31,0.001046,0.002911,0.001044,0.001816,"27,126,500","206,952,000",154,
2018/1/1,0.00181,0.001917,0.00135,0.001523,"8,582,680","358,433,000",153,
2018/1/2,0.001454,0.001591,0.000894,0.0011,"13,561,300","287,701,000",152,
2018/1/3,0.001089,0.002366,0.001089,0.002259,"16,962,600","215,577,000",151,
2018/1/4,0.002264,0.003696,0.002172,0.003088,"29,942,600","468,339,000",150,
2018/1/5,0.00308,0.006031,0.00308,0.005008,"43,120,700","640,443,000",149,
2018/1/6,0.004996,0.005597,0.002886,0.003685,"31,133,900","1,039,440,000",148,
2018/1/7,0.003753,0.004253,0.002586,0.003638,"18,966,800","788,622,000",147,
2018/1/8,0.003649,0.003698,0.002853,0.003276,"11,139,100","767,081,000",146,
2018/1/9,0.003218,0.004091,0.003001,0.003348,"15,029,800","676,799,000",145,
2018/1/10,0.003349,0.003362,0.002677,0.002744,"9,744,220","704,837,000",144,
2018/1/11,0.002749,0.003083,0.002362,0.002679,"6,468,650","578,656,000",143,
2018/1/12,0.002693,0.00301,0.002555,0.002699,"4,999,270","567,257,000",142,
2018/1/13,0.002694,0.002974,0.002342,0.002575,"6,064,300","567,661,000",141,
2018/1/14,0.002574,0.002585,0.00203,0.002219,"4,684,220","542,537,000",140,
2018/1/15,0.002199,0.002489,0.00185,0.002217,"4,697,280","463,756,000",139,
2018/1/16,0.002221,0.002249,0.001297,0.001377,"3,745,230","468,507,000",138,
2018/1/17,0.00137,0.001766,0.000856,0.001663,"4,547,470","289,134,000",137,
2018/1/18,0.001668,0.001962,0.001524,0.001823,"3,272,060","352,349,000",136,
2018/1/19,0.001811,0.001941,0.001568,0.001609,"3,642,420","382,577,000",135,
2018/1/20,0.001624,0.001972,0.001611,0.001667,"184,666","343,412,000",134,
2018/1/21,0.00168,0.001799,0.001284,0.001402,"1,779,500","355,414,000",133,
2018/1/22,0.001413,0.001514,0.001179,0.001296,"1,517,310","298,927,000",132,
2018/1/23,0.001231,0.00135,0.001133,0.001285,"1,096,460","260,603,000",131,
2018/1/24,0.001285,0.00145,0.001185,0.00126,"1,304,080","272,151,000",130,
2018/1/25,0.001359,0.001561,0.001277,0.001459,"1,502,590","288,014,000",129,
2018/1/26,0.001535,0.001597,0.001097,0.001235,"1,649,270","325,561,000",128,
2018/1/27,0.001313,0.001363,0.00113,0.001246,"1,562,700","278,619,000",127,
2018/1/28,0.001335,0.001349,0.00097,0.001071,"2,031,280","283,407,000",126,
2018/1/29,0.001154,0.00117,0.000919,0.000928,"1,465,580","245,068,000",125,
2018/1/30,0.000929,0.001,0.000632,0.000632,"2,053,790","197,414,000",124,
2018/1/31,0.000708,0.000798,0.000611,0.000681,"1,033,820","150,497,000",123,
2018/2/1,0.000683,0.000688,0.000357,0.000363,"2,169,970","145,347,000",122,
2018/2/2,0.000367,0.000625,0.0003,0.000465,"2,149,540","78,119,300",121,
2018/2/3,0.000534,0.000743,0.000451,0.000583,"1,542,400","113,691,000",120,
2018/2/4,0.000585,0.000731,0.000494,0.000579,"694,153","124,653,000",119,
2018/2/5,0.00052,0.000583,0.000445,0.000483,"543,370","110,948,000",118,
2018/2/6,0.000483,0.00059,0.00038,0.000548,"892,544","103,018,000",117,
2018/2/7,0.00049,0.00066,0.000461,0.000549,"652,168","104,507,000",116,
2018/2/8,0.000546,0.000768,0.000546,0.000685,"663,518","116,497,000",115,
2018/2/9,0.000738,0.000932,0.00064,0.000877,"1,051,210","157,774,000",114,
2018/2/10,0.000934,0.001153,0.000771,0.000861,"2,192,720","199,626,000",113,
2018/2/11,0.00086,0.00092,0.000729,0.00087,"877,780","183,924,000",112,
2018/2/12,0.00082,0.000956,0.000763,0.000816,"1,217,600","175,490,000",111,
2018/2/13,0.000814,0.000882,0.000689,0.000776,"787,513","174,348,000",110,
2018/2/14,0.000774,0.000934,0.000743,0.000865,"673,825","165,783,000",109,
2018/2/15,0.000862,0.000974,0.000803,0.000845,"1,052,990","184,786,000",108,
2018/2/16,0.000899,0.000927,0.000715,0.000888,"768,353","192,891,000",107,
2018/2/17,0.000887,0.000946,0.000758,0.000879,"450,984","190,437,000",106,
2018/2/18,0.00088,0.000897,0.000747,0.000749,"435,777","188,924,000",105,
2018/2/19,0.000745,0.000871,0.000696,0.00078,"648,410","159,969,000",104,
2018/2/20,0.00078,0.000941,0.000695,0.000776,"1,261,710","167,723,000",103,
2018/2/21,0.000698,0.000772,0.000572,0.000648,"983,162","150,064,000",102,
2018/2/22,0.000719,0.000746,0.000538,0.000598,"709,226","154,895,000",101,
2018/2/23,0.000597,0.000714,0.000519,0.000689,"618,729","128,590,000",100,
2018/2/24,0.000687,0.000707,0.000549,0.00059,"461,857","148,174,000",99,
2018/2/25,0.000589,0.000651,0.000498,0.000571,"376,591","127,254,000",98,
2018/2/26,0.000512,0.00061,0.000436,0.000516,"1,081,180","110,542,000",97,
2018/2/27,0.000595,0.000612,0.000415,0.000448,"886,827","128,576,000",96,
2018/2/28,0.000525,0.000545,0.000328,0.000415,"1,275,230","113,609,000",95,
2018/3/1,0.000415,0.00054,0.000412,0.000449,"588,604","89,944,100",94,
2018/3/2,0.000449,0.000543,0.000432,0.00044,"613,759","97,326,700",93,
2018/3/3,0.00044,0.000526,0.000361,0.000447,"350,159","95,370,300",92,
2018/3/4,0.000447,0.000447,0.00034,0.000351,"647,255","96,906,800",91,
2018/3/5,0.00035,0.000446,0.000345,0.000347,"686,905","75,893,500",90,
2018/3/6,0.000347,0.000425,0.000324,0.000329,"277,434","75,421,000",89,
2018/3/7,0.000329,0.000385,0.000298,0.000356,"273,524","71,564,700",88,
2018/3/8,0.000356,0.000388,0.000285,0.00029,"396,751","77,456,200",87,
2018/3/9,0.000288,0.000356,0.000211,0.000281,"433,663","62,799,600",86,
2018/3/10,0.000281,0.000356,0.000217,0.000269,"182,056","61,500,300",85,
2018/3/11,0.000269,0.000318,0.00019,0.000286,"465,169","58,863,500",84,
2018/3/12,0.000286,0.000296,0.000207,0.000276,"421,871","62,634,600",83,
2018/3/13,0.000274,0.000281,0.000209,0.000266,"237,069","60,047,500",82,
2018/3/14,0.000265,0.000275,0.000193,0.000244,"220,013","58,254,100",81,
2018/3/15,0.000244,0.00025,0.00019,0.000247,"171,013","53,674,700",80,
2018/3/16,0.000247,0.000321,0.000238,0.00025,"553,640","54,300,900",79,
2018/3/17,0.00025,0.000311,0.000186,0.000239,"207,322","54,966,200",78,
2018/3/18,0.00024,0.000297,0.000219,0.00025,"169,342","52,847,900",77,
2018/3/19,0.000249,0.00031,0.000247,0.000269,"179,662","54,896,300",76,
2018/3/20,0.000268,0.000343,0.000266,0.000306,"214,573","59,047,100",75,
2018/3/21,0.000295,0.000338,0.000267,0.000324,"439,094","64,927,400",74,
2018/3/22,0.000326,0.000337,0.000259,0.000265,"103,076","71,844,700",73,
2018/3/23,0.000266,0.000313,0.000246,0.000313,"204,833","58,755,600",72,
2018/3/24,0.000267,0.000321,0.000206,0.000257,"135,252","59,059,100",71,
2018/3/25,0.000254,0.000257,0.000203,0.000221,"74,733","56,121,800",70,
2018/3/26,0.000221,0.000251,0.000199,0.000233,"79,119","48,840,700",69,
2018/3/27,0.000211,0.000238,0.000195,0.000226,"101,363","46,643,400",68,
2018/3/28,0.000228,0.000241,0.000187,0.000209,"78,725","50,586,800",67,
2018/3/29,0.000208,0.000234,0.000177,0.000197,"95,492","46,047,900",66,
2018/3/30,0.000197,0.000201,0.000162,0.00019,"95,387","43,727,600",65,
2018/3/31,0.000186,0.000201,0.000162,0.000194,"138,771","41,308,200",64,
2018/4/1,0.000194,0.000197,0.000143,0.000158,"58,224","43,142,600",63,
2018/4/2,0.000156,0.000198,0.000147,0.000152,"160,690","34,663,700",62,
2018/4/3,0.000152,0.000212,0.000148,0.000195,"116,745","33,766,500",61,
2018/4/4,0.000195,0.000201,0.000164,0.000167,"98,105","43,458,600",60,
2018/4/5,0.000167,0.000192,0.000158,0.000163,"91,660","37,101,900",59,
2018/4/6,0.000163,0.000189,0.000151,0.000152,"114,150","36,228,100",58,
2018/4/7,0.000152,0.000192,0.000146,0.000146,"135,785","33,839,500",57,
2018/4/8,0.000152,0.000193,0.000136,0.000141,"311,034","33,931,200",56,
2018/4/9,0.000141,0.0002,0.000084,0.000136,"208,014","31,453,800",55,
2018/4/10,0.000136,0.000137,0.000087,0.000134,"124,767","30,353,800",54,
2018/4/11,0.000134,0.000204,0.000097,0.000199,"437,655","30,038,300",53,
2018/4/12,0.000201,0.000215,0.000153,0.000192,"108,958","44,840,600",52,
2018/4/13,0.000185,0.000226,0.000177,0.000177,"157,001","41,338,800",51,
2018/4/14,0.000175,0.000209,0.000156,0.000165,"173,113","39,186,100",50,
2018/4/15,0.000188,0.000217,0.000162,0.000176,"164,226","42,077,100",49,
2018/4/16,0.000176,0.000226,0.000154,0.000216,"195,732","39,523,500",48,
2018/4/17,0.000169,0.000222,0.000137,0.000158,"469,107","37,865,600",47,
2018/4/18,0.000158,0.000229,0.000109,0.000164,"180,999","35,523,400",46,
2018/4/19,0.000164,0.000223,0.000114,0.000223,"227,384","36,821,100",45,
2018/4/20,0.000224,0.000238,0.000167,0.000198,"155,785","50,364,000",44,
2018/4/21,0.000199,0.000248,0.000177,0.000181,"227,915","44,641,700",43,
2018/4/22,0.000181,0.000241,0.000178,0.000207,"149,253","40,612,800",42,
2018/4/23,0.000201,0.000237,0.000174,0.000179,"315,638","45,308,500",41,
2018/4/24,0.000121,0.000264,0.000121,0.000224,"458,255","27,291,600",40,
2018/4/25,0.000221,0.000265,0.000177,0.000214,"157,017","49,846,200",39,
2018/4/26,0.000215,0.000248,0.000172,0.00024,"169,379","48,511,500",38,
2018/4/27,0.000241,0.000258,0.000179,0.000179,"285,657","54,314,000",37,
2018/4/28,0.000179,0.000251,0.000179,0.0002,"154,867","40,465,000",36,
2018/4/29,0.000198,0.000255,0.000127,0.000188,"158,608","44,664,200",35,
2018/4/30,0.000188,0.00025,0.000123,0.000234,"300,888","42,466,600",34,
2018/5/1,0.000235,0.000243,0.000137,0.000194,"431,806","53,204,200",33,
2018/5/2,0.000196,0.000234,0.000145,0.000198,"188,928","44,262,500",32,
2018/5/3,0.000199,0.000249,0.000132,0.000195,"259,090","45,028,800",31,
2018/5/4,0.000195,0.000228,0.000139,0.000191,"194,462","44,216,900",30,
2018/5/5,0.000192,0.000265,0.000126,0.000195,"270,662","43,472,600",29,
2018/5/6,0.000194,0.000207,0.000131,0.000174,"143,703","44,117,100",28,
2018/5/7,0.000174,0.000183,0.000126,0.000168,"355,344","39,436,900",27,
2018/5/8,0.000168,0.00018,0.000144,0.00017,"72,316","38,243,100",26,
2018/5/9,0.00017,0.000171,0.000133,0.00017,"99,288","38,645,000",25,
2018/5/10,0.000171,0.000174,0.000135,0.000161,"86,893","38,837,300",24,
2018/5/11,0.000161,0.000169,0.00013,0.000146,"88,567","36,614,100",23,
2018/5/12,0.000149,0.000164,0.000135,0.000142,"58,000","33,951,300",22,
2018/5/13,0.000154,0.000163,0.000137,0.000148,"38,398","35,192,800",21,
2018/5/14,0.000145,0.000164,0.000137,0.000148,"80,081","32,984,900",20,
2018/5/15,0.000148,0.000168,0.00011,0.000157,"197,288","33,835,200",19,
2018/5/16,0.000154,0.000244,0.00011,0.000178,"773,786","35,105,400",18,
2018/5/17,0.000184,0.000233,0.000184,0.000194,"438,649","41,986,900",17,
2018/5/18,0.000219,0.000237,0.000181,0.000237,"307,491","50,063,700",16,
2018/5/19,0.000228,0.000403,0.000191,0.000332,"4,066,180","52,153,700",15,
2018/5/20,0.000331,0.000382,0.000235,0.000252,"1,930,540","75,703,600",14,
2018/5/21,0.000256,0.000325,0.000205,0.000254,"1,357,940","58,696,600",13,
2018/5/22,0.000263,0.000316,0.000196,0.000201,"872,406","60,136,500",12,
2018/5/23,0.000239,0.000254,0.000098,0.000191,"2,795,310","54,663,300",11,
2018/5/24,0.000192,0.000205,0.00012,0.000152,"538,505","43,932,100",10,
2018/5/25,0.000154,0.000207,0.000111,0.000169,"418,206","35,238,200",9,
2018/5/26,0.000169,0.000204,0.000149,0.000191,"210,598","38,826,100",8,
2018/5/27,0.000192,0.000192,0.000148,0.00018,"126,130","44,082,900",7,
2018/5/28,0.000178,0.000181,0.000146,0.00016,"126,018","41,002,200",6,
2018/5/29,0.00016,0.000199,0.000144,0.000155,"255,667","36,720,000",5,
2018/5/30,0.000155,0.000198,0.00015,0.000195,"323,845","35,651,500",4,
2018/5/31,0.000194,0.000201,0.000109,0.000166,"668,727","44,783,500",3,
2018/6/1,0.000166,0.00017,0.000125,0.000151,"287,772","38,291,400",2,
,,,,,,,,
,,,,,,,,
,,,,,,,,
,,,,,,,,
,,,,,,,,
,,,,,,,,
,,,,,,,,
,,,,,,,,
,,,,,,,,
,,,,,,,,
,,,,,,,,
,,,,,,,,
,,,,,,,,
,,,,,,,,
,,,,,,,,
,,,,,,,,
,,,,,,,,
,,,,,,,,
,,,,,,,,
,,,,,,,,
,,,,,,,,
,,,,,,,,
,,,,,,,,
,,,,,,,,
,,,,,,,,
,,,,,,,,
,,,,,,,,
,,,,,,,,
,,,,,,,,
,,,,,,,,
,,,,,,,,
,,,,,,,,
,,,,,,,,
,,,,,,,,
,,,,,,,,
,,,,,,,,
,,,,,,,,
,,,,,,,,
,,,,,,,,
,,,,,,,,
,,,,,,,,
,,,,,,,,
,,,,,,,,
,,,,,,,,
,,,,,,,,
,,,,,,,,
,,,,,,,,
,,,,,,,,
,,,,,,,,
,,,,,,,,
,,,,,,,,
,,,,,,,,
,,,,,,,,
,,,,,,,,
,,,,,,,,
,,,,,,,,
,,,,,,,,
,,,,,,,,
,,,,,,,,
,,,,,,,,
,,,,,,,,
,,,,,,,,
,,,,,,,,
,,,,,,,,
,,,,,,,,
,,,,,,,,
,,,,,,,,
,,,,,,,,
,,,,,,,,
,,,,,,,,
,,,,,,,,
,,,,,,,,
,,,,,,,,
,,,,,,,,
,,,,,,,,
,,,,,,,,
,,,,,,,,
,,,,,,,,
,,,,,,,,
,,,,,,,,
,,,,,,,,
,,,,,,,,
,,,,,,,,
,,,,,,,,
,,,,,,,,
,,,,,,,,
,,,,,,,,
,,,,,,,,
,,,,,,,,
,,,,,,,,
,,,,,,,,
,,,,,,,,
,,,,,,,,
,,,,,,,,
,,,,,,,,
,,,,,,,,
,,,,,,,,
,,,,,,,,
,,,,,,,,
,,,,,,,,
,,,,,,,,
,,,,,,,,
,,,,,,,,
,,,,,,,,
,,,,,,,,
,,,,,,,,
,,,,,,,,
,,,,,,,,
,,,,,,,,
,,,,,,,,
,,,,,,,,
,,,,,,,,
,,,,,,,,
,,,,,,,,
,,,,,,,,
,,,,,,,,
,,,,,,,,
,,,,,,,,
,,,,,,,,
,,,,,,,,
,,,,,,,,
,,,,,,,,
,,,,,,,,
,,,,,,,,
,,,,,,,,
,,,,,,,,
,,,,,,,,
,,,,,,,,
,,,,,,,,
,,,,,,,,
,,,,,,,,
,,,,,,,,
,,,,,,,,
,,,,,,,,
,,,,,,,,
,,,,,,,,
,,,,,,,,
,,,,,,,,
,,,,,,,,
,,,,,,,,
,,,,,,,,
,,,,,,,,
,,,,,,,,
,,,,,,,,
,,,,,,,,
,,,,,,,,
,,,,,,,,
,,,,,,,,
,,,,,,,,
,,,,,,,,
,,,,,,,,
,,,,,,,,
,,,,,,,,
,,,,,,,,
,,,,,,,,
,,,,,,,,
,,,,,,,,
,,,,,,,,
,,,,,,,,
,,,,,,,,
,,,,,,,,
,,,,,,,,
,,,,,,,,
,,,,,,,,
,,,,,,,,
,,,,,,,,
,,,,,,,,
,,,,,,,,
,,,,,,,,
,,,,,,,,
,,,,,,,,
,,,,,,,,
,,,,,,,,
,,,,,,,,
,,,,,,,,
,,,,,,,,
,,,,,,,,
,,,,,,,,
,,,,,,,,
,,,,,,,,
,,,,,,,,
,,,,,,,,
,,,,,,,,
,,,,,,,,
,,,,,,,,
,,,,,,,,
,,,,,,,,
,,,,,,,,
,,,,,,,,
,,,,,,,,
,,,,,,,,
,,,,,,,,
,,,,,,,,
,,,,,,,,
,,,,,,,,
,,,,,,,,
,,,,,,,,
,,,,,,,,
,,,,,,,,
,,,,,,,,
,,,,,,,,
,,,,,,,,
,,,,,,,,
,,,,,,,,
,,,,,,,,
,,,,,,,,
,,,,,,,,
,,,,,,,,
,,,,,,,,
,,,,,,,,
,,,,,,,,
,,,,,,,,
,,,,,,,,
,,,,,,,,
,,,,,,,,
,,,,,,,,
,,,,,,,,
,,,,,,,,
,,,,,,,,
,,,,,,,,
,,,,,,,,
,,,,,,,,
,,,,,,,,
,,,,,,,,
,,,,,,,,
,,,,,,,,
,,,,,,,,
,,,,,,,,
,,,,,,,,
,,,,,,,,
,,,,,,,,
,,,,,,,,
,,,,,,,,
,,,,,,,,
,,,,,,,,
,,,,,,,,
,,,,,,,,
,,,,,,,,
,,,,,,,,
,,,,,,,,
,,,,,,,,
,,,,,,,,
,,,,,,,,
,,,,,,,,
,,,,,,,,
,,,,,,,,
,,,,,,,,
,,,,,,,,
,,,,,,,,
,,,,,,,,
,,,,,,,,
,,,,,,,,
,,,,,,,,
,,,,,,,,
,,,,,,,,
,,,,,,,,
,,,,,,,,
,,,,,,,,
,,,,,,,,
,,,,,,,,
,,,,,,,,
,,,,,,,,
,,,,,,,,
,,,,,,,,
,,,,,,,,
,,,,,,,,
,,,,,,,,
,,,,,,,,
,,,,,,,,
,,,,,,,,
,,,,,,,,
,,,,,,,,
,,,,,,,,
,,,,,,,,
,,,,,,,,
,,,,,,,,
,,,,,,,,
,,,,,,,,
,,,,,,,,
,,,,,,,,
,,,,,,,,
,,,,,,,,
,,,,,,,,
,,,,,,,,
,,,,,,,,
,,,,,,,,
,,,,,,,,
,,,,,,,,
,,,,,,,,
,,,,,,,,
,,,,,,,,
,,,,,,,,
,,,,,,,,
,,,,,,,,
,,,,,,,,
,,,,,,,,
,,,,,,,,
,,,,,,,,
,,,,,,,,
,,,,,,,,
,,,,,,,,
,,,,,,,,
,,,,,,,,
,,,,,,,,
,,,,,,,,
,,,,,,,,
,,,,,,,,
,,,,,,,,
,,,,,,,,
,,,,,,,,
,,,,,,,,
,,,,,,,,
,,,,,,,,
,,,,,,,,
,,,,,,,,
,,,,,,,,
,,,,,,,,
,,,,,,,,
,,,,,,,,
,,,,,,,,
,,,,,,,,
,,,,,,,,
,,,,,,,,
,,,,,,,,
,,,,,,,,
,,,,,,,,
,,,,,,,,
,,,,,,,,
,,,,,,,,
,,,,,,,,
,,,,,,,,
,,,,,,,,
,,,,,,,,
,,,,,,,,
,,,,,,,,
,,,,,,,,
,,,,,,,,
,,,,,,,,
,,,,,,,,
,,,,,,,,
,,,,,,,,
,,,,,,,,
,,,,,,,,
,,,,,,,,
,,,,,,,,
,,,,,,,,
,,,,,,,,
,,,,,,,,
,,,,,,,,
,,,,,,,,
,,,,,,,,
,,,,,,,,
,,,,,,,,
,,,,,,,,
,,,,,,,,
,,,,,,,,
,,,,,,,,
,,,,,,,,
,,,,,,,,
,,,,,,,,
,,,,,,,,
,,,,,,,,
,,,,,,,,
,,,,,,,,
,,,,,,,,
,,,,,,,,
,,,,,,,,
,,,,,,,,
,,,,,,,,
,,,,,,,,
,,,,,,,,
,,,,,,,,
,,,,,,,,
,,,,,,,,
,,,,,,,,
,,,,,,,,
,,,,,,,,
,,,,,,,,
,,,,,,,,
,,,,,,,,
,,,,,,,,
,,,,,,,,
,,,,,,,,
,,,,,,,,
,,,,,,,,
,,,,,,,,
,,,,,,,,
,,,,,,,,
,,,,,,,,
,,,,,,,,
,,,,,,,,
,,,,,,,,
,,,,,,,,
,,,,,,,,
,,,,,,,,
,,,,,,,,
,,,,,,,,
,,,,,,,,
,,,,,,,,
,,,,,,,,
,,,,,,,,
,,,,,,,,
,,,,,,,,
,,,,,,,,
,,,,,,,,
,,,,,,,,
,,,,,,,,
,,,,,,,,
,,,,,,,,
,,,,,,,,
,,,,,,,,
,,,,,,,,
,,,,,,,,
,,,,,,,,
,,,,,,,,
,,,,,,,,
,,,,,,,,
,,,,,,,,
,,,,,,,,
,,,,,,,,
,,,,,,,,
,,,,,,,,
,,,,,,,,
,,,,,,,,
,,,,,,,,
,,,,,,,,
,,,,,,,,
,,,,,,,,
,,,,,,,,
,,,,,,,,
,,,,,,,,
,,,,,,,,
,,,,,,,,
,,,,,,,,
,,,,,,,,
,,,,,,,,
,,,,,,,,
,,,,,,,,
,,,,,,,,
,,,,,,,,
,,,,,,,,
,,,,,,,,
,,,,,,,,
,,,,,,,,
,,,,,,,,
,,,,,,,,
,,,,,,,,
,,,,,,,,
,,,,,,,,
,,,,,,,,
,,,,,,,,
,,,,,,,,
,,,,,,,,
,,,,,,,,
,,,,,,,,
,,,,,,,,
,,,,,,,,
,,,,,,,,
,,,,,,,,
,,,,,,,,
,,,,,,,,
,,,,,,,,
,,,,,,,,
,,,,,,,,
,,,,,,,,
,,,,,,,,
,,,,,,,,
,,,,,,,,
,,,,,,,,
,,,,,,,,
,,,,,,,,
,,,,,,,,
,,,,,,,,
,,,,,,,,
,,,,,,,,
,,,,,,,,
,,,,,,,,
,,,,,,,,
,,,,,,,,
,,,,,,,,
,,,,,,,,
,,,,,,,,
,,,,,,,,
,,,,,,,,
,,,,,,,,
,,,,,,,,
,,,,,,,,
,,,,,,,,
,,,,,,,,
,,,,,,,,
,,,,,,,,
,,,,,,,,
,,,,,,,,
,,,,,,,,
,,,,,,,,
,,,,,,,,
,,,,,,,,
,,,,,,,,
,,,,,,,,
,,,,,,,,
,,,,,,,,
,,,,,,,,
,,,,,,,,
,,,,,,,,
,,,,,,,,
,,,,,,,,
,,,,,,,,
,,,,,,,,
,,,,,,,,
,,,,,,,,
,,,,,,,,
,,,,,,,,
,,,,,,,,
,,,,,,,,
,,,,,,,,
,,,,,,,,
,,,,,,,,
,,,,,,,,
,,,,,,,,
,,,,,,,,
,,,,,,,,
,,,,,,,,
,,,,,,,,
,,,,,,,,
,,,,,,,,
,,,,,,,,
,,,,,,,,
,,,,,,,,
,,,,,,,,
,,,,,,,,
,,,,,,,,
,,,,,,,,
,,,,,,,,
,,,,,,,,
,,,,,,,,
,,,,,,,,
,,,,,,,,
,,,,,,,,
,,,,,,,,
,,,,,,,,
,,,,,,,,
,,,,,,,,
,,,,,,,,
,,,,,,,,
,,,,,,,,
,,,,,,,,
,,,,,,,,
,,,,,,,,
,,,,,,,,
,,,,,,,,
,,,,,,,,
,,,,,,,,
,,,,,,,,
,,,,,,,,
,,,,,,,,
,,,,,,,,
,,,,,,,,
,,,,,,,,
,,,,,,,,
,,,,,,,,
,,,,,,,,
,,,,,,,,
,,,,,,,,
,,,,,,,,
,,,,,,,,
,,,,,,,,
,,,,,,,,
,,,,,,,,
,,,,,,,,
,,,,,,,,
,,,,,,,,
,,,,,,,,
,,,,,,,,
,,,,,,,,
,,,,,,,,
,,,,,,,,
,,,,,,,,
,,,,,,,,
,,,,,,,,
,,,,,,,,
,,,,,,,,
,,,,,,,,
,,,,,,,,
,,,,,,,,
,,,,,,,,
,,,,,,,,
,,,,,,,,
,,,,,,,,
,,,,,,,,
,,,,,,,,
,,,,,,,,
,,,,,,,,
,,,,,,,,
,,,,,,,,
,,,,,,,,
,,,,,,,,
,,,,,,,,
,,,,,,,,
,,,,,,,,
,,,,,,,,
,,,,,,,,
,,,,,,,,
,,,,,,,,
,,,,,,,,
,,,,,,,,
,,,,,,,,
,,,,,,,,
,,,,,,,,
,,,,,,,,
,,,,,,,,
,,,,,,,,
,,,,,,,,
,,,,,,,,
,,,,,,,,
,,,,,,,,
,,,,,,,,
,,,,,,,,
,,,,,,,,
,,,,,,,,
,,,,,,,,
,,,,,,,,
,,,,,,,,
,,,,,,,,
,,,,,,,,
,,,,,,,,
,,,,,,,,
,,,,,,,,
,,,,,,,,
,,,,,,,,
,,,,,,,,
,,,,,,,,
,,,,,,,,
,,,,,,,,
,,,,,,,,
,,,,,,,,
,,,,,,,,
,,,,,,,,
,,,,,,,,
,,,,,,,,
,,,,,,,,
,,,,,,,,
,,,,,,,,
,,,,,,,,
,,,,,,,,
,,,,,,,,
,,,,,,,,
,,,,,,,,
,,,,,,,,
,,,,,,,,
,,,,,,,,
,,,,,,,,
,,,,,,,,
,,,,,,,,
,,,,,,,,
,,,,,,,,
,,,,,,,,
,,,,,,,,
,,,,,,,,
,,,,,,,,
,,,,,,,,
,,,,,,,,
,,,,,,,,
,,,,,,,,
,,,,,,,,
,,,,,,,,
,,,,,,,,
,,,,,,,,
,,,,,,,,
,,,,,,,,
,,,,,,,,
,,,,,,,,
,,,,,,,,
,,,,,,,,
,,,,,,,,
,,,,,,,,
,,,,,,,,
,,,,,,,,
,,,,,,,,
,,,,,,,,
,,,,,,,,
,,,,,,,,
,,,,,,,,
,,,,,,,,
,,,,,,,,
,,,,,,,,
,,,,,,,,
,,,,,,,,
,,,,,,,,
,,,,,,,,
,,,,,,,,
,,,,,,,,
,,,,,,,,
,,,,,,,,
,,,,,,,,
,,,,,,,,
,,,,,,,,
,,,,,,,,
,,,,,,,,
,,,,,,,,
,,,,,,,,
,,,,,,,,
,,,,,,,,
,,,,,,,,
,,,,,,,,
,,,,,,,,
,,,,,,,,
,,,,,,,,
,,,,,,,,
,,,,,,,,
,,,,,,,,
,,,,,,,,
,,,,,,,,
,,,,,,,,
,,,,,,,,
,,,,,,,,
,,,,,,,,
,,,,,,,,
,,,,,,,,
,,,,,,,,
,,,,,,,,
,,,,,,,,
,,,,,,,,
,,,,,,,,
,,,,,,,,
,,,,,,,,
,,,,,,,,
,,,,,,,,
,,,,,,,,
,,,,,,,,
,,,,,,,,
,,,,,,,,
,,,,,,,,
,,,,,,,,
,,,,,,,,
,,,,,,,,
,,,,,,,,
,,,,,,,,
,,,,,,,,
,,,,,,,,
,,,,,,,,
,,,,,,,,
,,,,,,,,
,,,,,,,,
,,,,,,,,
,,,,,,,,
,,,,,,,,
,,,,,,,,
,,,,,,,,
,,,,,,,,
,,,,,,,,
,,,,,,,,
,,,,,,,,
,,,,,,,,
,,,,,,,,
,,,,,,,,
,,,,,,,,
,,,,,,,,
,,,,,,,,
,,,,,,,,
,,,,,,,,
,,,,,,,,
,,,,,,,,
,,,,,,,,
,,,,,,,,
,,,,,,,,
,,,,,,,,
,,,,,,,,
,,,,,,,,
,,,,,,,,
,,,,,,,,
,,,,,,,,
,,,,,,,,
,,,,,,,,
,,,,,,,,
,,,,,,,,
,,,,,,,,
,,,,,,,,
,,,,,,,,
,,,,,,,,
,,,,,,,,
,,,,,,,,
,,,,,,,,
,,,,,,,,
,,,,,,,,
,,,,,,,,
,,,,,,,,
,,,,,,,,
,,,,,,,,
,,,,,,,,
,,,,,,,,
,,,,,,,,
,,,,,,,,
,,,,,,,,
,,,,,,,,
,,,,,,,,
,,,,,,,,
,,,,,,,,
,,,,,,,,
,,,,,,,,
,,,,,,,,
,,,,,,,,
,,,,,,,,
,,,,,,,,
,,,,,,,,
,,,,,,,,
,,,,,,,,
,,,,,,,,
,,,,,,,,
,,,,,,,,
,,,,,,,,
,,,,,,,,
,,,,,,,,
,,,,,,,,
,,,,,,,,
,,,,,,,,
,,,,,,,,
,,,,,,,,
,,,,,,,,
,,,,,,,,
,,,,,,,,
,,,,,,,,
,,,,,,,,
,,,,,,,,
,,,,,,,,
,,,,,,,,
,,,,,,,,
,,,,,,,,
,,,,,,,,
,,,,,,,,
,,,,,,,,
,,,,,,,,
,,,,,,,,
,,,,,,,,
,,,,,,,,
,,,,,,,,
,,,,,,,,
,,,,,,,,
,,,,,,,,
,,,,,,,,
,,,,,,,,
,,,,,,,,
,,,,,,,,
,,,,,,,,
,,,,,,,,
,,,,,,,,
,,,,,,,,
,,,,,,,,
,,,,,,,,
,,,,,,,,
,,,,,,,,
,,,,,,,,
,,,,,,,,
,,,,,,,,
,,,,,,,,
,,,,,,,,
,,,,,,,,
,,,,,,,,
,,,,,,,,
,,,,,,,,
,,,,,,,,
,,,,,,,,
,,,,,,,,
,,,,,,,,
,,,,,,,,
,,,,,,,,
,,,,,,,,
,,,,,,,,
,,,,,,,,
,,,,,,,,
,,,,,,,,
,,,,,,,,
,,,,,,,,
,,,,,,,,
,,,,,,,,
,,,,,,,,
,,,,,,,,
,,,,,,,,
,,,,,,,,
,,,,,,,,
,,,,,,,,
,,,,,,,,
,,,,,,,,
,,,,,,,,
,,,,,,,,
,,,,,,,,
,,,,,,,,
,,,,,,,,
,,,,,,,,
,,,,,,,,
,,,,,,,,
,,,,,,,,
,,,,,,,,
,,,,,,,,
,,,,,,,,
,,,,,,,,
,,,,,,,,
,,,,,,,,
,,,,,,,,
,,,,,,,,
,,,,,,,,
,,,,,,,,
,,,,,,,,
,,,,,,,,
,,,,,,,,
,,,,,,,,
,,,,,,,,
,,,,,,,,
,,,,,,,,
,,,,,,,,
,,,,,,,,
,,,,,,,,
,,,,,,,,
,,,,,,,,
,,,,,,,,
,,,,,,,,
,,,,,,,,
,,,,,,,,
,,,,,,,,
,,,,,,,,
,,,,,,,,
,,,,,,,,
,,,,,,,,
,,,,,,,,
,,,,,,,,
,,,,,,,,
,,,,,,,,
,,,,,,,,
,,,,,,,,
,,,,,,,,
,,,,,,,,
,,,,,,,,
,,,,,,,,
,,,,,,,,
,,,,,,,,
,,,,,,,,
,,,,,,,,
,,,,,,,,
,,,,,,,,
,,,,,,,,
,,,,,,,,
,,,,,,,,
,,,,,,,,
,,,,,,,,
,,,,,,,,
,,,,,,,,
,,,,,,,,
,,,,,,,,
,,,,,,,,
,,,,,,,,
,,,,,,,,
,,,,,,,,
,,,,,,,,
,,,,,,,,
,,,,,,,,
,,,,,,,,
,,,,,,,,
,,,,,,,,
,,,,,,,,
,,,,,,,,
,,,,,,,,
,,,,,,,,
,,,,,,,,
,,,,,,,,
,,,,,,,,
,,,,,,,,
,,,,,,,,
,,,,,,,,
,,,,,,,,
,,,,,,,,
,,,,,,,,
,,,,,,,,
,,,,,,,,
,,,,,,,,
,,,,,,,,
,,,,,,,,
,,,,,,,,
,,,,,,,,
,,,,,,,,
,,,,,,,,
,,,,,,,,
,,,,,,,,
,,,,,,,,
,,,,,,,,
,,,,,,,,
,,,,,,,,
,,,,,,,,
,,,,,,,,
,,,,,,,,
,,,,,,,,
,,,,,,,,
,,,,,,,,
,,,,,,,,
,,,,,,,,
,,,,,,,,
,,,,,,,,
,,,,,,,,
,,,,,,,,
,,,,,,,,
,,,,,,,,
,,,,,,,,
,,,,,,,,
,,,,,,,,
,,,,,,,,
,,,,,,,,
,,,,,,,,
,,,,,,,,
,,,,,,,,
,,,,,,,,
,,,,,,,,
,,,,,,,,
,,,,,,,,
,,,,,,,,
,,,,,,,,
,,,,,,,,
,,,,,,,,
,,,,,,,,
,,,,,,,,
,,,,,,,,
,,,,,,,,
,,,,,,,,
,,,,,,,,
,,,,,,,,
,,,,,,,,
,,,,,,,,
,,,,,,,,
,,,,,,,,
,,,,,,,,
,,,,,,,,
,,,,,,,,
,,,,,,,,
,,,,,,,,
,,,,,,,,
,,,,,,,,
,,,,,,,,
,,,,,,,,
,,,,,,,,
,,,,,,,,
,,,,,,,,
,,,,,,,,
,,,,,,,,
,,,,,,,,
,,,,,,,,
,,,,,,,,
,,,,,,,,
,,,,,,,,
,,,,,,,,
,,,,,,,,
,,,,,,,,
,,,,,,,,
,,,,,,,,
,,,,,,,,
,,,,,,,,
,,,,,,,,
,,,,,,,,
,,,,,,,,
,,,,,,,,
,,,,,,,,
,,,,,,,,
,,,,,,,,
,,,,,,,,
,,,,,,,,
,,,,,,,,
,,,,,,,,
,,,,,,,,
,,,,,,,,
,,,,,,,,
,,,,,,,,
,,,,,,,,
,,,,,,,,
,,,,,,,,
,,,,,,,,
,,,,,,,,
,,,,,,,,
,,,,,,,,
,,,,,,,,
,,,,,,,,
,,,,,,,,
,,,,,,,,
,,,,,,,,
,,,,,,,,
,,,,,,,,
,,,,,,,,
,,,,,,,,
,,,,,,,,
,,,,,,,,
,,,,,,,,
,,,,,,,,
,,,,,,,,
,,,,,,,,
,,,,,,,,
,,,,,,,,
,,,,,,,,
,,,,,,,,
,,,,,,,,
,,,,,,,,
,,,,,,,,
,,,,,,,,
,,,,,,,,
,,,,,,,,
,,,,,,,,
,,,,,,,,
,,,,,,,,
,,,,,,,,
,,,,,,,,
,,,,,,,,
,,,,,,,,
,,,,,,,,
,,,,,,,,
,,,,,,,,
,,,,,,,,
,,,,,,,,
,,,,,,,,
,,,,,,,,
,,,,,,,,
,,,,,,,,
,,,,,,,,
,,,,,,,,
,,,,,,,,
,,,,,,,,
,,,,,,,,
,,,,,,,,
,,,,,,,,
,,,,,,,,
,,,,,,,,
,,,,,,,,
,,,,,,,,
,,,,,,,,
,,,,,,,,
,,,,,,,,
,,,,,,,,
,,,,,,,,
,,,,,,,,
,,,,,,,,
,,,,,,,,
,,,,,,,,
,,,,,,,,
,,,,,,,,
,,,,,,,,
,,,,,,,,
,,,,,,,,
,,,,,,,,
,,,,,,,,
,,,,,,,,
,,,,,,,,
,,,,,,,,
,,,,,,,,
,,,,,,,,
,,,,,,,,
,,,,,,,,
,,,,,,,,
,,,,,,,,
,,,,,,,,
,,,,,,,,
,,,,,,,,
,,,,,,,,
,,,,,,,,
,,,,,,,,
,,,,,,,,
,,,,,,,,
,,,,,,,,
,,,,,,,,
,,,,,,,,
,,,,,,,,
,,,,,,,,
,,,,,,,,
,,,,,,,,
,,,,,,,,
,,,,,,,,
,,,,,,,,
,,,,,,,,
,,,,,,,,
,,,,,,,,
,,,,,,,,
,,,,,,,,
,,,,,,,,
,,,,,,,,
,,,,,,,,
,,,,,,,,
,,,,,,,,
,,,,,,,,
,,,,,,,,
,,,,,,,,
,,,,,,,,
,,,,,,,,
,,,,,,,,
,,,,,,,,
,,,,,,,,
,,,,,,,,
,,,,,,,,
,,,,,,,,
,,,,,,,,
,,,,,,,,
,,,,,,,,
,,,,,,,,
,,,,,,,,
,,,,,,,,
,,,,,,,,
,,,,,,,,
,,,,,,,,
,,,,,,,,
,,,,,,,,
,,,,,,,,
,,,,,,,,
