,,,,,,,,
Date,Open*,High,Low,Close**,Volume,Market Cap,,
3-Sep-16,0.000006,0.000006,0.000006,0.000006,117,,546,
4-Sep-16,0.000006,0.000006,0.000006,0.000006,19,"19,572",545,
5-Sep-16,0.000006,0.000006,0.000006,0.000006,25,"23,163",544,
6-Sep-16,0.000006,0.000006,0.000001,0.000001,18,"24,599",543,
7-Sep-16,0.000001,0.000006,0.000001,0.000006,363,"6,699",542,
8-Sep-16,0.000006,0.000006,0.000005,0.000005,103,"29,306",541,
9-Sep-16,0.000005,0.000006,4.76E-07,0.000006,94,"28,601",540,
10-Sep-16,0.000006,0.000006,0.000002,0.000004,125,"35,339",539,
11-Sep-16,0.000004,0.000006,0.000004,0.000006,202,"21,669",538,
12-Sep-16,0.000006,0.000006,1.91E-07,1.91E-07,61,"37,549",537,
13-Sep-16,1.91E-07,2.30E-07,1.53E-07,2.29E-07,21,"1,236",536,
14-Sep-16,2.29E-07,2.30E-07,1.53E-07,1.53E-07,40,"1,539",535,
15-Sep-16,1.53E-07,3.84E-07,1.14E-07,3.05E-07,21,"1,159",534,
16-Sep-16,3.05E-07,3.05E-07,1.52E-07,1.90E-07,9,"2,390",533,
17-Sep-16,1.90E-07,2.29E-07,1.52E-07,1.52E-07,33,"1,538",532,
18-Sep-16,2.29E-07,2.67E-07,1.52E-07,1.62E-07,48,"2,064",531,
19-Sep-16,1.62E-07,1.68E-07,1.15E-07,1.15E-07,30,"1,503",530,
20-Sep-16,1.15E-07,3.08E-07,1.15E-07,1.54E-07,19,"1,099",529,
21-Sep-16,1.55E-07,1.89E-07,1.13E-07,1.15E-07,43,"1,586",528,
22-Sep-16,1.16E-07,1.54E-07,1.13E-07,1.13E-07,14,"1,229",527,
23-Sep-16,1.13E-07,1.89E-07,1.13E-07,1.14E-07,20,"1,248",526,
24-Sep-16,1.14E-07,2.30E-07,1.14E-07,1.52E-07,38,"1,309",525,
25-Sep-16,1.52E-07,1.52E-07,1.13E-07,1.14E-07,19,"1,776",524,
26-Sep-16,1.14E-07,1.93E-07,1.14E-07,1.16E-07,48,"1,362",523,
27-Sep-16,1.16E-07,1.55E-07,1.15E-07,1.15E-07,17,"1,435",522,
28-Sep-16,1.15E-07,1.16E-07,1.15E-07,1.15E-07,20,"1,516",521,
29-Sep-16,1.15E-07,2.31E-07,1.15E-07,1.92E-07,11,"1,541",520,
30-Sep-16,1.92E-07,1.93E-07,1.15E-07,1.15E-07,0,"2,676",519,
1-Oct-16,1.15E-07,1.92E-07,1.15E-07,1.15E-07,21,"1,654",518,
2-Oct-16,1.15E-07,1.92E-07,1.14E-07,1.15E-07,176,"1,699",517,
3-Oct-16,1.15E-07,1.16E-07,1.15E-07,1.15E-07,3,"1,736",516,
4-Oct-16,1.15E-07,1.53E-07,1.15E-07,1.53E-07,55,"1,776",515,
5-Oct-16,1.53E-07,1.93E-07,1.53E-07,1.54E-07,48,"2,423",514,
6-Oct-16,1.54E-07,1.92E-07,1.53E-07,1.54E-07,53,"2,486",513,
7-Oct-16,1.53E-07,2.32E-07,1.53E-07,1.54E-07,54,"2,521",512,
8-Oct-16,1.54E-07,2.31E-07,1.53E-07,1.92E-07,70,"2,583",511,
9-Oct-16,1.92E-07,1.93E-07,1.52E-07,1.53E-07,28,"3,287",510,
10-Oct-16,1.53E-07,2.28E-07,1.51E-07,2.28E-07,83,"2,656",509,
11-Oct-16,2.28E-07,2.28E-07,1.14E-07,1.14E-07,27,"4,022",508,
12-Oct-16,1.15E-07,1.15E-07,7.51E-08,7.51E-08,36,"2,049",507,
13-Oct-16,7.49E-08,7.85E-08,7.49E-08,7.81E-08,5,"1,360",506,
14-Oct-16,7.82E-08,7.83E-08,7.77E-08,7.79E-08,8,"1,452",505,
15-Oct-16,7.80E-08,7.83E-08,3.87E-08,3.87E-08,0,"1,470",504,
16-Oct-16,3.88E-08,7.81E-08,3.88E-08,7.77E-08,8,742,503,
17-Oct-16,7.78E-08,7.81E-08,3.86E-08,3.91E-08,4,"1,506",502,
18-Oct-16,3.95E-08,9.15E-08,3.84E-08,3.83E-08,60,776,501,
19-Oct-16,3.84E-08,7.67E-08,3.83E-08,7.60E-08,26,765,500,
20-Oct-16,7.61E-08,7.64E-08,3.78E-08,3.77E-08,1,"1,534",499,
21-Oct-16,3.79E-08,3.83E-08,3.76E-08,3.81E-08,1,773,498,
23-Oct-16,3.92E-08,3.94E-08,3.91E-08,3.91E-08,4,822,497,
24-Oct-16,3.92E-08,3.92E-08,3.87E-08,3.86E-08,4,830,496,
25-Oct-16,3.87E-08,3.92E-08,3.87E-08,3.90E-08,1,827,495,
26-Oct-16,3.91E-08,7.94E-08,3.90E-08,3.96E-08,21,848,494,
27-Oct-16,3.96E-08,4.06E-08,3.96E-08,4.02E-08,3,868,493,
28-Oct-16,4.03E-08,4.04E-08,3.95E-08,3.97E-08,1,896,492,
29-Oct-16,3.97E-08,4.10E-08,3.97E-08,4.09E-08,1,894,491,
30-Oct-16,4.09E-08,8.13E-08,4.04E-08,8.06E-08,49,931,490,
31-Oct-16,8.07E-08,8.11E-08,3.98E-08,3.99E-08,0,"1,858",489,
1-Nov-16,3.99E-08,4.15E-08,3.99E-08,4.08E-08,5,930,488,
2-Nov-16,4.09E-08,8.17E-08,4.05E-08,4.10E-08,20,958,487,
3-Nov-16,4.11E-08,4.18E-08,3.81E-08,3.86E-08,7,972,486,
4-Nov-16,3.85E-08,7.72E-08,3.82E-08,3.87E-08,36,921,485,
5-Nov-16,3.87E-08,3.93E-08,3.85E-08,3.86E-08,3,936,484,
6-Nov-16,3.86E-08,3.92E-08,3.84E-08,3.88E-08,7,943,483,
7-Nov-16,3.88E-08,7.76E-08,3.79E-08,3.83E-08,33,960,482,
8-Nov-16,3.83E-08,3.86E-08,3.82E-08,3.84E-08,3,957,481,
9-Nov-16,3.84E-08,3.94E-08,3.81E-08,3.86E-08,5,969,480,
10-Nov-16,3.85E-08,3.87E-08,3.81E-08,3.82E-08,8,982,479,
11-Nov-16,3.83E-08,3.84E-08,3.80E-08,3.81E-08,6,987,478,
12-Nov-16,3.81E-08,3.83E-08,3.75E-08,3.76E-08,0,992,477,
13-Nov-16,3.76E-08,3.91E-08,3.69E-08,3.86E-08,0,989,476,
14-Nov-16,3.86E-08,3.89E-08,3.87E-08,3.87E-08,14,"1,033",475,
15-Nov-16,3.88E-08,7.77E-08,3.87E-08,3.90E-08,13,"1,042",474,
16-Nov-16,3.89E-08,4.03E-08,3.89E-08,3.98E-08,0,"1,054",473,
17-Nov-16,4.06E-08,5.19E-07,3.94E-08,3.94E-08,70,"1,111",472,
18-Nov-16,3.95E-08,8.01E-08,3.95E-08,7.92E-08,39,"1,093",471,
19-Nov-16,7.95E-08,7.96E-08,3.94E-08,3.95E-08,6,"2,218",470,
20-Nov-16,3.96E-08,3.97E-08,3.90E-08,3.92E-08,4,"1,117",469,
21-Nov-16,3.93E-08,3.96E-08,3.92E-08,3.94E-08,4,"1,117",468,
22-Nov-16,3.95E-08,7.92E-08,3.91E-08,3.94E-08,3,"1,134",467,
23-Nov-16,3.96E-08,7.88E-08,3.93E-08,7.85E-08,4,"1,149",466,
24-Nov-16,7.86E-08,7.89E-08,3.89E-08,3.90E-08,5,"2,298",465,
25-Nov-16,3.91E-08,3.92E-08,3.89E-08,3.91E-08,3,"1,154",464,
26-Nov-16,3.92E-08,3.93E-08,3.88E-08,3.89E-08,21,"1,166",463,
27-Nov-16,3.90E-08,3.92E-08,3.88E-08,3.88E-08,4,"1,173",462,
28-Nov-16,3.89E-08,3.91E-08,3.88E-08,3.88E-08,3,"1,181",461,
29-Nov-16,3.89E-08,7.77E-08,3.87E-08,3.87E-08,26,"1,189",460,
30-Nov-16,3.88E-08,3.92E-08,3.88E-08,3.88E-08,12,"1,198",459,
1-Dec-16,3.89E-08,3.92E-08,3.89E-08,3.90E-08,5,"1,211",458,
2-Dec-16,3.91E-08,7.90E-08,3.92E-08,7.89E-08,11,"1,229",457,
3-Dec-16,7.89E-08,7.91E-08,3.91E-08,3.92E-08,0,"2,497",456,
4-Dec-16,3.93E-08,7.82E-08,3.90E-08,3.89E-08,7,"1,269",455,
5-Dec-16,3.88E-08,3.92E-08,3.33E-08,3.52E-08,4,"1,256",454,
6-Dec-16,3.48E-08,3.56E-08,3.49E-08,3.53E-08,10,"1,196",453,
7-Dec-16,3.54E-08,3.63E-08,3.51E-08,3.61E-08,6,"1,285",452,
8-Dec-16,3.60E-08,3.73E-08,3.60E-08,3.69E-08,5,"1,348",451,
9-Dec-16,3.69E-08,3.71E-08,3.68E-08,3.69E-08,40,"1,391",450,
10-Dec-16,3.69E-08,7.37E-08,3.64E-08,3.68E-08,3,"1,435",449,
11-Dec-16,3.68E-08,3.69E-08,3.63E-08,3.63E-08,9,"1,443",448,
12-Dec-16,3.64E-08,3.67E-08,3.62E-08,3.66E-08,8,"1,450",447,
13-Dec-16,3.66E-08,3.70E-08,3.65E-08,3.65E-08,4,"1,472",446,
14-Dec-16,3.65E-08,3.66E-08,3.59E-08,3.61E-08,15,"1,479",445,
15-Dec-16,3.61E-08,3.65E-08,3.60E-08,3.62E-08,4,"1,473",444,
16-Dec-16,3.62E-08,3.65E-08,3.61E-08,3.62E-08,4,"1,488",443,
17-Dec-16,3.62E-08,3.64E-08,3.61E-08,3.61E-08,0,"1,536",442,
18-Dec-16,3.67E-08,7.36E-08,3.67E-08,3.67E-08,20,"1,574",441,
19-Dec-16,3.67E-08,3.68E-08,3.65E-08,3.66E-08,11,"1,579",440,
20-Dec-16,3.65E-08,3.66E-08,3.64E-08,3.66E-08,9,"1,581",439,
21-Dec-16,3.66E-08,3.69E-08,3.65E-08,3.65E-08,4,"1,611",438,
22-Dec-16,3.66E-08,3.75E-08,3.66E-08,3.71E-08,4,"1,640",437,
23-Dec-16,3.71E-08,4.28E-08,3.71E-08,4.18E-08,0,"1,672",436,
24-Dec-16,4.72E-08,4.73E-08,4.42E-08,4.55E-08,0,"2,153",435,
25-Dec-16,4.55E-08,4.57E-08,4.22E-08,4.28E-08,0,"2,116",434,
27-Dec-16,4.54E-08,4.57E-08,4.44E-08,4.46E-08,3,"2,153",433,
28-Dec-16,4.48E-08,4.67E-08,4.49E-08,4.56E-08,3,"2,125",432,
29-Dec-16,4.59E-08,4.61E-08,4.51E-08,4.55E-08,5,"2,203",431,
30-Dec-16,4.56E-08,4.56E-08,4.29E-08,4.38E-08,5,"2,223",430,
1-Jan-17,4.41E-08,4.52E-08,4.40E-08,4.51E-08,6,"2,196",429,
2-Jan-17,4.52E-08,4.70E-08,4.48E-08,4.69E-08,0,"2,257",428,
9-Jan-17,3.95E-08,4.36E-08,3.94E-08,4.30E-08,12,"2,108",427,
10-Jan-17,4.30E-08,4.50E-08,4.29E-08,4.48E-08,7,"2,301",426,
11-Jan-17,4.59E-08,7.71E-08,3.80E-08,7.69E-08,6,"2,516",425,
12-Jan-17,7.67E-08,7.71E-08,3.82E-08,3.96E-08,54,"4,234",424,
13-Jan-17,3.94E-08,3.96E-08,3.80E-08,3.89E-08,8,"2,201",423,
14-Jan-17,3.89E-08,3.95E-08,3.88E-08,3.92E-08,0,"2,183",422,
17-Jan-17,3.93E-08,3.94E-08,3.93E-08,3.93E-08,32,"2,321",421,
18-Jan-17,3.94E-08,3.95E-08,3.78E-08,3.83E-08,63,"2,330",420,
19-Jan-17,3.84E-08,3.93E-08,3.81E-08,3.88E-08,0,"2,282",419,
20-Jan-17,3.85E-08,3.91E-08,3.85E-08,3.89E-08,5,"2,304",418,
21-Jan-17,3.89E-08,3.92E-08,3.89E-08,3.89E-08,4,"2,336",417,
12-Apr-17,6.22E-08,0.000004,5.75E-08,0.000004,5,-,416,
13-Apr-17,0.000004,0.000004,8.70E-08,0.000002,9,-,415,
14-Apr-17,0.000002,0.000002,3.08E-08,4.12E-08,0,-,414,
15-Apr-17,3.94E-08,8.77E-07,3.53E-08,3.59E-07,0,-,413,
16-Apr-17,3.69E-07,3.93E-07,1.23E-07,1.90E-07,0,-,412,
17-Apr-17,1.90E-07,4.57E-07,8.02E-08,4.57E-07,0,-,411,
18-Apr-17,4.57E-07,7.02E-07,4.50E-07,6.15E-07,1,-,410,
19-Apr-17,6.15E-07,6.31E-07,5.88E-08,1.02E-07,1,-,409,
20-Apr-17,1.02E-07,5.82E-07,8.73E-08,2.20E-07,1,-,408,
21-Apr-17,2.20E-07,3.18E-07,2.18E-07,3.12E-07,1,-,407,
23-Apr-17,2.76E-08,2.78E-08,2.35E-08,2.50E-08,0,-,406,
24-Apr-17,2.50E-08,6.23E-08,2.48E-08,4.76E-08,0,-,405,
25-Apr-17,7.83E-08,5.82E-07,3.48E-08,4.51E-07,7,-,404,
26-Apr-17,4.51E-07,4.52E-07,3.31E-08,9.68E-08,1,-,403,
27-Apr-17,9.69E-08,1.16E-07,3.35E-08,3.45E-08,47,-,402,
28-Apr-17,3.41E-08,5.28E-08,3.38E-08,5.08E-08,0,-,401,
29-Apr-17,5.09E-08,1.10E-07,3.06E-08,1.03E-07,225,-,400,
30-Apr-17,1.03E-07,1.08E-07,9.82E-08,1.01E-07,2,-,399,
1-May-17,1.01E-07,0.000014,8.33E-08,0.000014,16,-,398,
2-May-17,0.000014,0.000014,1.29E-07,1.34E-07,0,-,397,
3-May-17,1.34E-07,1.39E-07,2.87E-08,2.95E-08,53,-,396,
4-May-17,2.98E-08,3.30E-08,2.94E-08,3.21E-08,23,-,395,
5-May-17,3.18E-08,2.23E-07,3.18E-08,1.90E-07,0,-,394,
6-May-17,1.90E-07,2.43E-07,4.20E-08,4.19E-08,39,-,393,
7-May-17,4.22E-08,5.13E-08,4.15E-08,4.66E-08,7,-,392,
8-May-17,4.77E-08,1.99E-07,4.41E-08,4.85E-08,11,-,391,
9-May-17,4.88E-08,1.45E-07,3.72E-08,1.40E-07,10,-,390,
10-May-17,1.42E-07,0.000007,4.64E-08,0.000007,21,-,389,
11-May-17,0.000007,0.000018,0.000007,0.000011,19,-,388,
12-May-17,0.000011,0.000011,6.38E-08,6.44E-08,12,-,387,
13-May-17,6.44E-08,3.52E-07,6.41E-08,1.32E-07,1,-,386,
14-May-17,1.33E-07,0.000015,7.04E-08,0.000011,256,-,385,
15-May-17,0.000011,0.000011,5.22E-07,5.22E-07,75,-,384,
16-May-17,5.21E-07,5.21E-07,5.95E-08,6.11E-08,16,-,383,
17-May-17,6.11E-08,0.000012,6.11E-08,0.000012,482,-,382,
18-May-17,0.000012,0.000018,0.000002,0.000002,19,-,381,
19-May-17,0.000002,0.000002,2.85E-07,0.000002,275,-,380,
20-May-17,0.000002,0.000018,0.000001,0.000002,79,-,379,
21-May-17,0.000002,0.000002,1.32E-07,7.98E-07,432,-,378,
22-May-17,8.04E-07,0.000009,6.41E-07,0.000008,54,-,377,
23-May-17,0.000008,0.000012,5.69E-07,7.79E-07,252,-,376,
24-May-17,7.80E-07,0.000005,7.06E-07,0.000004,36,-,375,
25-May-17,0.000004,0.000005,1.60E-07,3.46E-07,127,-,374,
26-May-17,3.41E-07,3.47E-07,1.42E-07,1.46E-07,55,-,373,
27-May-17,1.46E-07,0.000011,1.38E-07,0.000002,686,-,372,
28-May-17,0.000002,0.000002,1.63E-07,1.67E-07,39,-,371,
29-May-17,1.66E-07,0.000019,1.48E-07,0.000014,587,-,370,
30-May-17,0.000014,0.000014,3.80E-07,0.000005,499,-,369,
31-May-17,0.000005,0.000016,2.92E-07,5.22E-07,302,-,368,
1-Jun-17,6.04E-07,0.000002,5.25E-07,0.000001,225,-,367,
2-Jun-17,0.000002,0.000007,0.000002,0.000002,392,-,366,
3-Jun-17,0.000002,0.000003,5.68E-07,7.43E-07,"1,003",-,365,
4-Jun-17,7.47E-07,0.000005,6.19E-07,0.000004,592,-,364,
5-Jun-17,0.000004,0.000004,0.000001,0.000001,575,-,363,
6-Jun-17,0.000001,0.000006,0.000001,0.000002,"1,804",-,362,
7-Jun-17,0.000002,0.000005,0.000001,0.000003,"2,340",-,361,
8-Jun-17,0.000003,0.000005,0.000002,0.000004,"2,837",-,360,
9-Jun-17,0.000004,0.000005,0.000003,0.000004,"1,749",-,359,
10-Jun-17,0.000004,0.000005,0.000002,0.000002,531,-,358,
11-Jun-17,0.000002,0.000004,0.000001,0.000003,"6,932",-,357,
12-Jun-17,0.000003,0.000005,0.000002,0.000002,"5,371",-,356,
13-Jun-17,0.000002,0.000002,0.000001,0.000002,"1,381",-,355,
14-Jun-17,0.000002,0.000002,0.000001,0.000002,237,-,354,
15-Jun-17,0.000002,0.000005,9.59E-07,0.000004,"33,044",-,353,
16-Jun-17,0.000004,0.000007,0.000004,0.000005,"13,887",-,352,
17-Jun-17,0.000005,0.000006,0.000004,0.000005,"4,814",-,351,
18-Jun-17,0.000005,0.000007,0.000005,0.000006,"42,599",-,350,
19-Jun-17,0.000006,0.00001,0.000006,0.00001,"8,152",-,349,
20-Jun-17,0.000009,0.000013,0.000008,0.00001,"18,192","757,522",348,
21-Jun-17,0.00001,0.000012,0.000007,0.000008,"11,627","840,874",347,
22-Jun-17,0.000008,0.000008,0.000003,0.000005,"15,688","661,232",346,
23-Jun-17,0.000005,0.000006,0.000004,0.000006,"8,571","417,750",345,
24-Jun-17,0.000006,0.000008,0.000005,0.000008,"3,460","492,706",344,
25-Jun-17,0.000008,0.000008,0.000002,0.000003,"16,396","674,709",343,
26-Jun-17,0.000003,0.000004,0.000002,0.000002,"8,140","264,491",342,
27-Jun-17,0.000002,0.000004,0.000002,0.000003,"7,432","159,230",341,
28-Jun-17,0.000003,0.00001,0.000003,0.00001,"25,674","447,991",340,
29-Jun-17,0.00001,0.000013,0.000007,0.000013,"18,593","1,252,160",339,
30-Jun-17,0.000013,0.000018,0.000011,0.000012,"12,042","1,614,280",338,
1-Jul-17,0.000012,0.000013,0.000008,0.000008,"8,161","1,548,310",337,
2-Jul-17,0.000008,0.000014,0.000008,0.000011,"19,878","1,050,910",336,
3-Jul-17,0.000011,0.000011,0.000006,0.000008,"9,762","1,376,800",335,
4-Jul-17,0.000008,0.000008,0.000004,0.000004,"7,061","1,038,270",334,
5-Jul-17,0.000004,0.000012,0.000004,0.000006,"6,337","582,089",333,
6-Jul-17,0.000006,0.000007,0.000003,0.000005,"11,189","865,534",332,
7-Jul-17,0.000005,0.000013,0.000005,0.000008,"8,341","687,062",331,
8-Jul-17,0.000008,0.000009,0.000005,0.000007,"3,351","1,125,020",330,
9-Jul-17,0.000007,0.00001,0.000007,0.000008,"3,484","898,971",329,
10-Jul-17,0.000008,0.000008,0.000004,0.000004,"2,735","1,099,360",328,
11-Jul-17,0.000004,0.000004,0.000003,0.000003,"6,036","523,479",327,
12-Jul-17,0.000003,0.000004,0.000003,0.000003,"4,565","408,434",326,
13-Jul-17,0.000003,0.000004,0.000002,0.000004,"4,252","444,865",325,
14-Jul-17,0.000004,0.000005,0.000001,0.000002,"5,423","482,158",324,
15-Jul-17,0.000002,0.000004,0.000002,0.000004,955,"272,455",323,
16-Jul-17,0.000004,0.000004,0.000002,0.000002,"3,117","513,088",322,
17-Jul-17,0.000002,0.000004,0.000002,0.000003,"1,859","249,184",321,
18-Jul-17,0.000003,0.000004,0.000002,0.000003,"1,729","464,281",320,
19-Jul-17,0.000003,0.00001,0.000003,0.00001,"1,287","388,477",319,
20-Jul-17,0.000009,0.000011,0.000002,0.000002,"5,513","1,290,360",318,
21-Jul-17,0.000002,0.000002,0.000001,0.000002,"1,070","254,881",317,
22-Jul-17,0.000002,0.000003,0.000002,0.000003,"2,037","256,384",316,
23-Jul-17,0.000003,0.000005,0.000002,0.000003,"2,234","372,421",315,
24-Jul-17,0.000003,0.000003,0.000001,0.000002,"2,333","436,114",314,
25-Jul-17,0.000002,0.000003,0.000002,0.000002,"3,969","308,223",313,
26-Jul-17,0.000002,0.000003,0.000002,0.000003,"1,994","304,770",312,
27-Jul-17,0.000003,0.000003,0.000001,0.000002,"1,730","449,653",311,
28-Jul-17,0.000002,0.000003,0.000001,0.000003,"1,310","216,366",310,
29-Jul-17,0.000003,0.000003,0.000002,0.000002,"1,292","362,599",309,
30-Jul-17,0.000002,0.000003,0.000001,0.000003,"1,518","242,287",308,
31-Jul-17,0.000003,0.000005,0.000002,0.000002,"1,854","451,976",307,
1-Aug-17,0.000002,0.000002,0.000001,0.000001,748,"264,708",306,
2-Aug-17,0.000001,0.000002,0.000001,0.000001,"1,334","186,819",305,
3-Aug-17,0.000001,0.000004,0.000001,0.000004,"2,087","200,796",304,
4-Aug-17,0.000004,0.000004,0.000001,0.000001,"2,598","525,920",303,
5-Aug-17,0.000001,0.000002,0.000001,0.000002,"3,117","210,005",302,
6-Aug-17,0.000002,0.000002,0.000001,0.000001,"1,950","232,323",301,
7-Aug-17,0.000001,0.000002,0.000001,0.000002,"2,783","202,119",300,
8-Aug-17,0.000002,0.000003,0.000002,0.000002,"1,699","241,891",299,
9-Aug-17,0.000002,0.000002,0.000002,0.000002,"1,486","288,207",298,
10-Aug-17,0.000002,0.000005,0.000002,0.000004,"2,520","276,312",297,
11-Aug-17,0.000004,0.000018,0.000004,0.000014,"7,374","563,747",296,
12-Aug-17,0.000014,0.000014,0.000003,0.000005,"5,496","1,972,390",295,
13-Aug-17,0.000005,0.000007,0.000004,0.000007,"4,783","706,660",294,
14-Aug-17,0.000007,0.000008,0.000003,0.000003,"6,804","996,619",293,
15-Aug-17,0.000003,0.000003,0.000002,0.000003,"8,336","418,997",292,
16-Aug-17,0.000003,0.000004,0.000002,0.000003,"4,440","418,462",291,
17-Aug-17,0.000003,0.000003,0.000002,0.000003,"8,721","404,995",290,
18-Aug-17,0.000003,0.000004,0.000003,0.000004,"3,674","452,030",289,
19-Aug-17,0.000004,0.000004,0.000002,0.000003,"5,534","557,193",288,
20-Aug-17,0.000003,0.000006,0.000002,0.000003,"4,558","465,594",287,
21-Aug-17,0.000003,0.000009,0.000003,0.000009,"1,461","492,029",286,
22-Aug-17,0.000009,0.000013,0.000007,0.00001,"3,121","1,252,380",285,
23-Aug-17,0.00001,0.00001,0.000004,0.000004,"4,344","1,419,340",284,
24-Aug-17,0.000004,0.000004,0.000002,0.000003,"5,216","603,618",283,
25-Aug-17,0.000003,0.000007,0.000003,0.000006,"4,065","495,454",282,
26-Aug-17,0.000006,0.000007,0.000003,0.000004,"3,481","912,456",281,
27-Aug-17,0.000004,0.000005,0.000002,0.000002,"3,456","632,365",280,
28-Aug-17,0.000002,0.000005,0.000002,0.000005,"5,165","283,992",279,
29-Aug-17,0.000005,0.00001,0.000004,0.000005,"2,336","777,655",278,
30-Aug-17,0.000005,0.000005,0.000003,0.000004,"2,850","662,965",277,
31-Aug-17,0.000004,0.000004,0.000002,0.000003,"4,431","506,900",276,
1-Sep-17,0.000003,0.00001,0.000002,0.000009,"5,370","441,198",275,
2-Sep-17,0.000009,0.000012,0.000004,0.000004,"3,514","1,327,830",274,
3-Sep-17,0.000004,0.000004,0.000003,0.000003,"3,405","533,291",273,
4-Sep-17,0.000003,0.000004,0.000002,0.000002,"4,791","503,941",272,
5-Sep-17,0.000002,0.000004,0.000002,0.000004,"1,306","305,158",271,
6-Sep-17,0.000004,0.000005,0.000002,0.000003,"4,088","566,310",270,
7-Sep-17,0.000003,0.000017,0.000003,0.000017,"2,296","389,277",269,
8-Sep-17,0.000017,0.000017,0.000002,0.000005,"2,049","2,449,560",268,
9-Sep-17,0.000005,0.000005,0.000003,0.000004,"4,521","673,549",267,
10-Sep-17,0.000004,0.000004,0.000003,0.000003,"2,248","588,753",266,
11-Sep-17,0.000003,0.000007,0.000002,0.000004,"2,628","449,331",265,
12-Sep-17,0.000004,0.000005,0.000003,0.000005,"2,221","530,233",264,
13-Sep-17,0.000005,0.000005,0.000002,0.000003,"1,196","746,639",263,
14-Sep-17,0.000003,0.000021,0.000002,0.000017,"1,895","496,716",262,
15-Sep-17,0.000017,0.000018,0.000005,0.000005,"3,251","2,515,800",261,
16-Sep-17,0.000005,0.000008,0.000003,0.000003,"1,977","761,908",260,
17-Sep-17,0.000003,0.000004,0.000003,0.000004,"2,047","424,569",259,
18-Sep-17,0.000004,0.000008,0.000004,0.000004,"2,671","519,088",258,
19-Sep-17,0.000004,0.000004,0.000002,0.000003,"4,419","620,735",257,
20-Sep-17,0.000003,0.000007,0.000002,0.000004,401,"500,569",256,
21-Sep-17,0.000004,0.000005,0.000002,0.000002,"3,944","537,058",255,
22-Sep-17,0.000002,0.000012,0.000001,0.00001,"3,230","285,352",254,
23-Sep-17,0.00001,0.000016,0.000007,0.000008,"3,897","1,532,910",253,
24-Sep-17,0.000008,0.000008,0.000001,0.000004,"3,988","1,216,700",252,
25-Sep-17,0.000004,0.000005,0.000003,0.000004,"4,448","527,558",251,
26-Sep-17,0.000004,0.000012,0.000003,0.000012,"5,845","632,581",250,
27-Sep-17,0.000012,0.000021,0.000008,0.000008,"4,244","1,808,970",249,
28-Sep-17,0.000008,0.000009,0.000004,0.000005,"4,420","1,163,460",248,
29-Sep-17,0.000005,0.000006,0.000002,0.000002,"2,975","712,890",247,
30-Sep-17,0.000002,0.000004,0.000002,0.000003,"5,096","301,598",246,
1-Oct-17,0.000003,0.000003,0.000002,0.000003,"2,752","504,673",245,
2-Oct-17,0.000003,0.000012,0.000003,0.000012,"2,642","468,416",244,
3-Oct-17,0.000012,0.000021,0.000006,0.000019,"3,836","1,806,790",243,
4-Oct-17,0.000019,0.00002,0.000003,0.000008,"2,143","2,821,890",242,
5-Oct-17,0.000008,0.00001,0.000005,0.000005,"3,271","1,196,290",241,
6-Oct-17,0.000005,0.000006,0.000002,0.000002,"2,843","767,071",240,
7-Oct-17,0.000002,0.00001,0.000002,0.000007,"5,336","371,952",239,
8-Oct-17,0.000007,0.000007,0.000004,0.000006,"10,373","1,066,290",238,
9-Oct-17,0.000006,0.000008,0.000003,0.000003,"7,388","917,748",237,
10-Oct-17,0.000003,0.000018,0.000003,0.000013,"7,588","465,097",236,
11-Oct-17,0.000013,0.000014,0.000004,0.000006,"2,532","2,035,290",235,
12-Oct-17,0.000006,0.000008,0.000003,0.000008,"3,466","913,244",234,
13-Oct-17,0.000008,0.000011,0.000005,0.000005,"4,035","1,193,710",233,
14-Oct-17,0.000005,0.000006,0.000003,0.000005,"3,814","790,008",232,
15-Oct-17,0.000005,0.000008,0.000005,0.000008,"4,644","813,272",231,
16-Oct-17,0.000008,0.000014,0.000004,0.000004,"7,803","1,227,990",230,
17-Oct-17,0.000004,0.000018,0.000004,0.000018,"2,049","564,898",229,
18-Oct-17,0.000018,0.00002,0.000007,0.000007,"1,175","2,756,920",228,
19-Oct-17,0.000007,0.000009,0.000004,0.000009,"5,315","1,147,340",227,
20-Oct-17,0.000009,0.000018,0.000006,0.000016,"3,639","1,465,440",226,
21-Oct-17,0.000016,0.000019,0.000005,0.000006,"1,440","2,441,650",225,
22-Oct-17,0.000006,0.000017,0.000006,0.000008,"5,736","974,593",224,
23-Oct-17,0.000008,0.000008,0.000003,0.000005,"12,749","1,271,190",223,
24-Oct-17,0.000005,0.000016,0.000004,0.000016,"3,314","760,885",222,
25-Oct-17,0.000016,0.000016,0.000003,0.000005,"4,063","2,548,660",221,
26-Oct-17,0.000005,0.000016,0.000005,0.000011,"4,214","742,780",220,
27-Oct-17,0.000012,0.000013,0.000005,0.000007,"1,491","1,850,990",219,
28-Oct-17,0.000006,0.000009,0.000004,0.000005,"3,214","1,021,440",218,
29-Oct-17,0.000005,0.000005,0.000003,0.000003,"3,934","852,520",217,
30-Oct-17,0.000003,0.000003,0.000002,0.000002,"3,395","476,972",216,
31-Oct-17,0.000002,0.000016,0.000002,0.000012,"11,002","359,417",215,
1-Nov-17,0.000012,0.000012,0.000005,0.000007,"5,707","1,932,880",214,
2-Nov-17,0.000007,0.000014,0.000002,0.000011,"5,158","1,171,370",213,
3-Nov-17,0.000011,0.000017,0.000002,0.000003,"3,649","1,782,720",212,
4-Nov-17,0.000003,0.000009,0.000003,0.000009,"2,940","424,643",211,
5-Nov-17,0.000008,0.000009,0.000002,0.000003,"3,576","1,372,410",210,
6-Nov-17,0.000003,0.000006,0.000002,0.000003,"7,251","499,782",209,
7-Nov-17,0.000003,0.000009,0.000002,0.000009,"3,379","445,217",208,
8-Nov-17,0.000009,0.000017,0.000003,0.000013,"3,069","1,425,090",207,
9-Nov-17,0.000013,0.000067,0.000013,0.000057,"2,469","2,175,170",206,
10-Nov-17,0.000057,0.00006,0.00001,0.000011,"4,192","9,304,640",205,
11-Nov-17,0.000011,0.000014,0.000008,0.00001,"3,973","1,761,720",204,
12-Nov-17,0.00001,0.00001,0.000004,0.000005,"4,643","1,579,670",203,
13-Nov-17,0.000005,0.000008,0.000003,0.000008,"2,816","785,352",202,
14-Nov-17,0.000008,0.000009,0.000003,0.000008,"7,165","1,319,560",201,
15-Nov-17,0.000008,0.000068,0.000008,0.000055,"13,856","1,282,770",200,
16-Nov-17,0.000056,0.000067,0.000023,0.000025,"11,366","9,159,000",199,
17-Nov-17,0.000025,0.000027,0.000006,0.000006,"11,559","4,113,190",198,
18-Nov-17,0.000006,0.000014,0.000006,0.000013,"9,097","1,033,850",197,
19-Nov-17,0.000013,0.000026,0.000009,0.000009,"17,196","2,124,510",196,
20-Nov-17,0.000009,0.000009,0.000005,0.000008,"12,127","1,542,600",195,
21-Nov-17,0.000008,0.000022,0.000008,0.000022,"10,096","1,417,650",194,
22-Nov-17,0.000022,0.000023,0.000014,0.000017,"10,772","3,652,710",193,
23-Nov-17,0.000017,0.000017,0.000011,0.000016,"23,732","2,918,170",192,
24-Nov-17,0.000016,0.000022,0.000016,0.000016,"13,628","2,709,420",191,
25-Nov-17,0.000016,0.000016,0.000006,0.000007,"10,703","2,631,570",190,
26-Nov-17,0.000007,0.000015,0.000006,0.000015,"6,818","1,115,360",189,
27-Nov-17,0.000015,0.000027,0.000009,0.00001,"8,134","2,639,480",188,
28-Nov-17,0.00001,0.000016,0.000009,0.000009,"18,879","1,636,560",187,
29-Nov-17,0.000009,0.00001,0.000004,0.000005,"8,225","1,624,340",186,
30-Nov-17,0.000005,0.000023,0.000005,0.000023,"2,822","836,725",185,
1-Dec-17,0.000023,0.000025,0.000005,0.000007,"12,852","3,926,850",184,
2-Dec-17,0.000007,0.000017,0.000007,0.000017,"5,372","1,306,820",183,
3-Dec-17,0.000015,0.000023,0.000006,0.000006,"6,458","2,683,520",182,
4-Dec-17,0.000006,0.000013,0.000005,0.000012,"5,644","1,114,610",181,
5-Dec-17,0.000012,0.000012,0.000006,0.00001,"10,986","2,105,510",180,
6-Dec-17,0.00001,0.000018,0.00001,0.000014,"7,254","1,794,120",179,
7-Dec-17,0.000014,0.000024,0.000009,0.000024,"13,573","2,416,620",178,
8-Dec-17,0.000025,0.000032,0.00002,0.000023,"18,866","4,395,900",177,
9-Dec-17,0.000023,0.000024,0.00001,0.000012,"46,691","4,103,940",176,
10-Dec-17,0.000012,0.000017,0.000011,0.000015,"49,443","2,075,150",175,
11-Dec-17,0.000014,0.000042,0.000014,0.000033,"233,929","2,523,340",174,
12-Dec-17,0.000039,0.000127,0.000035,0.000077,"980,729","6,837,080",173,
13-Dec-17,0.000078,0.000141,0.000073,0.000126,"1,096,770","13,803,100",172,
14-Dec-17,0.000129,0.000179,0.000125,0.000172,"2,323,520","24,328,400",171,
15-Dec-17,0.000174,0.000268,0.000169,0.000257,"2,268,370","32,825,700",170,
16-Dec-17,0.000199,0.000531,0.000199,0.00048,"5,999,620","37,539,100",169,
17-Dec-17,0.000523,0.000559,0.000112,0.000134,"4,543,060","98,838,500",168,
18-Dec-17,0.000145,0.000328,0.000145,0.000259,"1,794,410","27,379,500",167,
19-Dec-17,0.000259,0.000262,0.000151,0.000172,"1,324,270","49,062,500",166,
20-Dec-17,0.000172,0.000295,0.000154,0.000267,"1,051,420","32,720,200",165,
21-Dec-17,0.000267,0.000301,0.000147,0.000242,"1,320,110","50,716,400",164,
22-Dec-17,0.000241,0.000241,0.000117,0.000192,"598,683","46,513,400",163,
23-Dec-17,0.000193,0.000252,0.000164,0.000201,"462,174","37,546,300",162,
24-Dec-17,0.000217,0.000249,0.000172,0.000239,"551,770","42,598,700",161,
25-Dec-17,0.000237,0.000285,0.000221,0.000259,"589,969","46,472,400",160,
26-Dec-17,0.000259,0.000308,0.000216,0.000282,"652,393","50,924,600",159,
27-Dec-17,0.000282,0.000385,0.000256,0.000384,"1,379,510","55,475,000",158,
28-Dec-17,0.000329,0.000508,0.000319,0.000492,"2,362,570","64,707,100",157,
29-Dec-17,0.00046,0.000734,0.000417,0.000731,"3,975,010","90,714,500",156,
30-Dec-17,0.000731,0.001154,0.000618,0.001107,"7,088,790","144,453,000",155,
31-Dec-17,0.001046,0.002911,0.001044,0.001816,"27,126,500","206,952,000",154,
1-Jan-18,0.00181,0.001917,0.00135,0.001523,"8,582,680","358,433,000",153,
2-Jan-18,0.001454,0.001591,0.000894,0.0011,"13,561,300","287,701,000",152,
3-Jan-18,0.001089,0.002366,0.001089,0.002259,"16,962,600","215,577,000",151,
4-Jan-18,0.002264,0.003696,0.002172,0.003088,"29,942,600","468,339,000",150,
5-Jan-18,0.00308,0.006031,0.00308,0.005008,"43,120,700","640,443,000",149,
6-Jan-18,0.004996,0.005597,0.002886,0.003685,"31,133,900","1,039,440,000",148,
7-Jan-18,0.003753,0.004253,0.002586,0.003638,"18,966,800","788,622,000",147,
8-Jan-18,0.003649,0.003698,0.002853,0.003276,"11,139,100","767,081,000",146,
9-Jan-18,0.003218,0.004091,0.003001,0.003348,"15,029,800","676,799,000",145,
10-Jan-18,0.003349,0.003362,0.002677,0.002744,"9,744,220","704,837,000",144,
11-Jan-18,0.002749,0.003083,0.002362,0.002679,"6,468,650","578,656,000",143,
12-Jan-18,0.002693,0.00301,0.002555,0.002699,"4,999,270","567,257,000",142,
13-Jan-18,0.002694,0.002974,0.002342,0.002575,"6,064,300","567,661,000",141,
14-Jan-18,0.002574,0.002585,0.00203,0.002219,"4,684,220","542,537,000",140,
15-Jan-18,0.002199,0.002489,0.00185,0.002217,"4,697,280","463,756,000",139,
16-Jan-18,0.002221,0.002249,0.001297,0.001377,"3,745,230","468,507,000",138,
17-Jan-18,0.00137,0.001766,0.000856,0.001663,"4,547,470","289,134,000",137,
18-Jan-18,0.001668,0.001962,0.001524,0.001823,"3,272,060","352,349,000",136,
19-Jan-18,0.001811,0.001941,0.001568,0.001609,"3,642,420","382,577,000",135,
20-Jan-18,0.001624,0.001972,0.001611,0.001667,"184,666","343,412,000",134,
21-Jan-18,0.00168,0.001799,0.001284,0.001402,"1,779,500","355,414,000",133,
22-Jan-18,0.001413,0.001514,0.001179,0.001296,"1,517,310","298,927,000",132,
23-Jan-18,0.001231,0.00135,0.001133,0.001285,"1,096,460","260,603,000",131,
24-Jan-18,0.001285,0.00145,0.001185,0.00126,"1,304,080","272,151,000",130,
25-Jan-18,0.001359,0.001561,0.001277,0.001459,"1,502,590","288,014,000",129,
26-Jan-18,0.001535,0.001597,0.001097,0.001235,"1,649,270","325,561,000",128,
27-Jan-18,0.001313,0.001363,0.00113,0.001246,"1,562,700","278,619,000",127,
28-Jan-18,0.001335,0.001349,0.00097,0.001071,"2,031,280","283,407,000",126,
29-Jan-18,0.001154,0.00117,0.000919,0.000928,"1,465,580","245,068,000",125,
30-Jan-18,0.000929,0.001,0.000632,0.000632,"2,053,790","197,414,000",124,
31-Jan-18,0.000708,0.000798,0.000611,0.000681,"1,033,820","150,497,000",123,
1-Feb-18,0.000683,0.000688,0.000357,0.000363,"2,169,970","145,347,000",122,
2-Feb-18,0.000367,0.000625,0.0003,0.000465,"2,149,540","78,119,300",121,
3-Feb-18,0.000534,0.000743,0.000451,0.000583,"1,542,400","113,691,000",120,
4-Feb-18,0.000585,0.000731,0.000494,0.000579,"694,153","124,653,000",119,
5-Feb-18,0.00052,0.000583,0.000445,0.000483,"543,370","110,948,000",118,
6-Feb-18,0.000483,0.00059,0.00038,0.000548,"892,544","103,018,000",117,
7-Feb-18,0.00049,0.00066,0.000461,0.000549,"652,168","104,507,000",116,
8-Feb-18,0.000546,0.000768,0.000546,0.000685,"663,518","116,497,000",115,
9-Feb-18,0.000738,0.000932,0.00064,0.000877,"1,051,210","157,774,000",114,
10-Feb-18,0.000934,0.001153,0.000771,0.000861,"2,192,720","199,626,000",113,
11-Feb-18,0.00086,0.00092,0.000729,0.00087,"877,780","183,924,000",112,
12-Feb-18,0.00082,0.000956,0.000763,0.000816,"1,217,600","175,490,000",111,
13-Feb-18,0.000814,0.000882,0.000689,0.000776,"787,513","174,348,000",110,
14-Feb-18,0.000774,0.000934,0.000743,0.000865,"673,825","165,783,000",109,
15-Feb-18,0.000862,0.000974,0.000803,0.000845,"1,052,990","184,786,000",108,
16-Feb-18,0.000899,0.000927,0.000715,0.000888,"768,353","192,891,000",107,
17-Feb-18,0.000887,0.000946,0.000758,0.000879,"450,984","190,437,000",106,
18-Feb-18,0.00088,0.000897,0.000747,0.000749,"435,777","188,924,000",105,
19-Feb-18,0.000745,0.000871,0.000696,0.00078,"648,410","159,969,000",104,
20-Feb-18,0.00078,0.000941,0.000695,0.000776,"1,261,710","167,723,000",103,
21-Feb-18,0.000698,0.000772,0.000572,0.000648,"983,162","150,064,000",102,
22-Feb-18,0.000719,0.000746,0.000538,0.000598,"709,226","154,895,000",101,
23-Feb-18,0.000597,0.000714,0.000519,0.000689,"618,729","128,590,000",100,
24-Feb-18,0.000687,0.000707,0.000549,0.00059,"461,857","148,174,000",99,
25-Feb-18,0.000589,0.000651,0.000498,0.000571,"376,591","127,254,000",98,
26-Feb-18,0.000512,0.00061,0.000436,0.000516,"1,081,180","110,542,000",97,
27-Feb-18,0.000595,0.000612,0.000415,0.000448,"886,827","128,576,000",96,
28-Feb-18,0.000525,0.000545,0.000328,0.000415,"1,275,230","113,609,000",95,
1-Mar-18,0.000415,0.00054,0.000412,0.000449,"588,604","89,944,100",94,
2-Mar-18,0.000449,0.000543,0.000432,0.00044,"613,759","97,326,700",93,
3-Mar-18,0.00044,0.000526,0.000361,0.000447,"350,159","95,370,300",92,
4-Mar-18,0.000447,0.000447,0.00034,0.000351,"647,255","96,906,800",91,
5-Mar-18,0.00035,0.000446,0.000345,0.000347,"686,905","75,893,500",90,
6-Mar-18,0.000347,0.000425,0.000324,0.000329,"277,434","75,421,000",89,
7-Mar-18,0.000329,0.000385,0.000298,0.000356,"273,524","71,564,700",88,
8-Mar-18,0.000356,0.000388,0.000285,0.00029,"396,751","77,456,200",87,
9-Mar-18,0.000288,0.000356,0.000211,0.000281,"433,663","62,799,600",86,
10-Mar-18,0.000281,0.000356,0.000217,0.000269,"182,056","61,500,300",85,
11-Mar-18,0.000269,0.000318,0.00019,0.000286,"465,169","58,863,500",84,
12-Mar-18,0.000286,0.000296,0.000207,0.000276,"421,871","62,634,600",83,
13-Mar-18,0.000274,0.000281,0.000209,0.000266,"237,069","60,047,500",82,
14-Mar-18,0.000265,0.000275,0.000193,0.000244,"220,013","58,254,100",81,
15-Mar-18,0.000244,0.00025,0.00019,0.000247,"171,013","53,674,700",80,
16-Mar-18,0.000247,0.000321,0.000238,0.00025,"553,640","54,300,900",79,
17-Mar-18,0.00025,0.000311,0.000186,0.000239,"207,322","54,966,200",78,
18-Mar-18,0.00024,0.000297,0.000219,0.00025,"169,342","52,847,900",77,
19-Mar-18,0.000249,0.00031,0.000247,0.000269,"179,662","54,896,300",76,
20-Mar-18,0.000268,0.000343,0.000266,0.000306,"214,573","59,047,100",75,
21-Mar-18,0.000295,0.000338,0.000267,0.000324,"439,094","64,927,400",74,
22-Mar-18,0.000326,0.000337,0.000259,0.000265,"103,076","71,844,700",73,
23-Mar-18,0.000266,0.000313,0.000246,0.000313,"204,833","58,755,600",72,
24-Mar-18,0.000267,0.000321,0.000206,0.000257,"135,252","59,059,100",71,
25-Mar-18,0.000254,0.000257,0.000203,0.000221,"74,733","56,121,800",70,
26-Mar-18,0.000221,0.000251,0.000199,0.000233,"79,119","48,840,700",69,
27-Mar-18,0.000211,0.000238,0.000195,0.000226,"101,363","46,643,400",68,
28-Mar-18,0.000228,0.000241,0.000187,0.000209,"78,725","50,586,800",67,
29-Mar-18,0.000208,0.000234,0.000177,0.000197,"95,492","46,047,900",66,
30-Mar-18,0.000197,0.000201,0.000162,0.00019,"95,387","43,727,600",65,
31-Mar-18,0.000186,0.000201,0.000162,0.000194,"138,771","41,308,200",64,
1-Apr-18,0.000194,0.000197,0.000143,0.000158,"58,224","43,142,600",63,
2-Apr-18,0.000156,0.000198,0.000147,0.000152,"160,690","34,663,700",62,
3-Apr-18,0.000152,0.000212,0.000148,0.000195,"116,745","33,766,500",61,
4-Apr-18,0.000195,0.000201,0.000164,0.000167,"98,105","43,458,600",60,
5-Apr-18,0.000167,0.000192,0.000158,0.000163,"91,660","37,101,900",59,
6-Apr-18,0.000163,0.000189,0.000151,0.000152,"114,150","36,228,100",58,
7-Apr-18,0.000152,0.000192,0.000146,0.000146,"135,785","33,839,500",57,
8-Apr-18,0.000152,0.000193,0.000136,0.000141,"311,034","33,931,200",56,
9-Apr-18,0.000141,0.0002,0.000084,0.000136,"208,014","31,453,800",55,
10-Apr-18,0.000136,0.000137,0.000087,0.000134,"124,767","30,353,800",54,
11-Apr-18,0.000134,0.000204,0.000097,0.000199,"437,655","30,038,300",53,
12-Apr-18,0.000201,0.000215,0.000153,0.000192,"108,958","44,840,600",52,
13-Apr-18,0.000185,0.000226,0.000177,0.000177,"157,001","41,338,800",51,
14-Apr-18,0.000175,0.000209,0.000156,0.000165,"173,113","39,186,100",50,
15-Apr-18,0.000188,0.000217,0.000162,0.000176,"164,226","42,077,100",49,
16-Apr-18,0.000176,0.000226,0.000154,0.000216,"195,732","39,523,500",48,
17-Apr-18,0.000169,0.000222,0.000137,0.000158,"469,107","37,865,600",47,
18-Apr-18,0.000158,0.000229,0.000109,0.000164,"180,999","35,523,400",46,
19-Apr-18,0.000164,0.000223,0.000114,0.000223,"227,384","36,821,100",45,
20-Apr-18,0.000224,0.000238,0.000167,0.000198,"155,785","50,364,000",44,
21-Apr-18,0.000199,0.000248,0.000177,0.000181,"227,915","44,641,700",43,
22-Apr-18,0.000181,0.000241,0.000178,0.000207,"149,253","40,612,800",42,
23-Apr-18,0.000201,0.000237,0.000174,0.000179,"315,638","45,308,500",41,
24-Apr-18,0.000121,0.000264,0.000121,0.000224,"458,255","27,291,600",40,
25-Apr-18,0.000221,0.000265,0.000177,0.000214,"157,017","49,846,200",39,
26-Apr-18,0.000215,0.000248,0.000172,0.00024,"169,379","48,511,500",38,
27-Apr-18,0.000241,0.000258,0.000179,0.000179,"285,657","54,314,000",37,
28-Apr-18,0.000179,0.000251,0.000179,0.0002,"154,867","40,465,000",36,
29-Apr-18,0.000198,0.000255,0.000127,0.000188,"158,608","44,664,200",35,
30-Apr-18,0.000188,0.00025,0.000123,0.000234,"300,888","42,466,600",34,
1-May-18,0.000235,0.000243,0.000137,0.000194,"431,806","53,204,200",33,
2-May-18,0.000196,0.000234,0.000145,0.000198,"188,928","44,262,500",32,
3-May-18,0.000199,0.000249,0.000132,0.000195,"259,090","45,028,800",31,
4-May-18,0.000195,0.000228,0.000139,0.000191,"194,462","44,216,900",30,
5-May-18,0.000192,0.000265,0.000126,0.000195,"270,662","43,472,600",29,
6-May-18,0.000194,0.000207,0.000131,0.000174,"143,703","44,117,100",28,
7-May-18,0.000174,0.000183,0.000126,0.000168,"355,344","39,436,900",27,
8-May-18,0.000168,0.00018,0.000144,0.00017,"72,316","38,243,100",26,
9-May-18,0.00017,0.000171,0.000133,0.00017,"99,288","38,645,000",25,
10-May-18,0.000171,0.000174,0.000135,0.000161,"86,893","38,837,300",24,
11-May-18,0.000161,0.000169,0.00013,0.000146,"88,567","36,614,100",23,
12-May-18,0.000149,0.000164,0.000135,0.000142,"58,000","33,951,300",22,
13-May-18,0.000154,0.000163,0.000137,0.000148,"38,398","35,192,800",21,
14-May-18,0.000145,0.000164,0.000137,0.000148,"80,081","32,984,900",20,
15-May-18,0.000148,0.000168,0.00011,0.000157,"197,288","33,835,200",19,
16-May-18,0.000154,0.000244,0.00011,0.000178,"773,786","35,105,400",18,
17-May-18,0.000184,0.000233,0.000184,0.000194,"438,649","41,986,900",17,
18-May-18,0.000219,0.000237,0.000181,0.000237,"307,491","50,063,700",16,
19-May-18,0.000228,0.000403,0.000191,0.000332,"4,066,180","52,153,700",15,
20-May-18,0.000331,0.000382,0.000235,0.000252,"1,930,540","75,703,600",14,
21-May-18,0.000256,0.000325,0.000205,0.000254,"1,357,940","58,696,600",13,
22-May-18,0.000263,0.000316,0.000196,0.000201,"872,406","60,136,500",12,
23-May-18,0.000239,0.000254,0.000098,0.000191,"2,795,310","54,663,300",11,
24-May-18,0.000192,0.000205,0.00012,0.000152,"538,505","43,932,100",10,
25-May-18,0.000154,0.000207,0.000111,0.000169,"418,206","35,238,200",9,
26-May-18,0.000169,0.000204,0.000149,0.000191,"210,598","38,826,100",8,
27-May-18,0.000192,0.000192,0.000148,0.00018,"126,130","44,082,900",7,
28-May-18,0.000178,0.000181,0.000146,0.00016,"126,018","41,002,200",6,
29-May-18,0.00016,0.000199,0.000144,0.000155,"255,667","36,720,000",5,
30-May-18,0.000155,0.000198,0.00015,0.000195,"323,845","35,651,500",4,
31-May-18,0.000194,0.000201,0.000109,0.000166,"668,727","44,783,500",3,
1-Jun-18,0.000166,0.00017,0.000125,0.000151,"287,772","38,291,400",2,
,,,,,,,,
,,,,,,,,
,,,,,,,,
,,,,,,,,
,,,,,,,,
,,,,,,,,
,,,,,,,,
,,,,,,,,
,,,,,,,,
,,,,,,,,
,,,,,,,,
,,,,,,,,
,,,,,,,,
,,,,,,,,
,,,,,,,,
,,,,,,,,
,,,,,,,,
,,,,,,,,
,,,,,,,,
,,,,,,,,
,,,,,,,,
,,,,,,,,
,,,,,,,,
,,,,,,,,
,,,,,,,,
,,,,,,,,
,,,,,,,,
,,,,,,,,
,,,,,,,,
,,,,,,,,
,,,,,,,,
,,,,,,,,
,,,,,,,,
,,,,,,,,
,,,,,,,,
,,,,,,,,
,,,,,,,,
,,,,,,,,
,,,,,,,,
,,,,,,,,
,,,,,,,,
,,,,,,,,
,,,,,,,,
,,,,,,,,
,,,,,,,,
,,,,,,,,
,,,,,,,,
,,,,,,,,
,,,,,,,,
,,,,,,,,
,,,,,,,,
,,,,,,,,
,,,,,,,,
,,,,,,,,
,,,,,,,,
,,,,,,,,
,,,,,,,,
,,,,,,,,
,,,,,,,,
,,,,,,,,
,,,,,,,,
,,,,,,,,
,,,,,,,,
,,,,,,,,
,,,,,,,,
,,,,,,,,
,,,,,,,,
,,,,,,,,
,,,,,,,,
,,,,,,,,
,,,,,,,,
,,,,,,,,
,,,,,,,,
,,,,,,,,
,,,,,,,,
,,,,,,,,
,,,,,,,,
,,,,,,,,
,,,,,,,,
,,,,,,,,
,,,,,,,,
,,,,,,,,
,,,,,,,,
,,,,,,,,
,,,,,,,,
,,,,,,,,
,,,,,,,,
,,,,,,,,
,,,,,,,,
,,,,,,,,
,,,,,,,,
,,,,,,,,
,,,,,,,,
,,,,,,,,
,,,,,,,,
,,,,,,,,
,,,,,,,,
,,,,,,,,
,,,,,,,,
,,,,,,,,
,,,,,,,,
,,,,,,,,
,,,,,,,,
,,,,,,,,
,,,,,,,,
,,,,,,,,
,,,,,,,,
,,,,,,,,
,,,,,,,,
,,,,,,,,
,,,,,,,,
,,,,,,,,
,,,,,,,,
,,,,,,,,
,,,,,,,,
,,,,,,,,
,,,,,,,,
,,,,,,,,
,,,,,,,,
,,,,,,,,
,,,,,,,,
,,,,,,,,
,,,,,,,,
,,,,,,,,
,,,,,,,,
,,,,,,,,
,,,,,,,,
,,,,,,,,
,,,,,,,,
,,,,,,,,
,,,,,,,,
,,,,,,,,
,,,,,,,,
,,,,,,,,
,,,,,,,,
,,,,,,,,
,,,,,,,,
,,,,,,,,
,,,,,,,,
,,,,,,,,
,,,,,,,,
,,,,,,,,
,,,,,,,,
,,,,,,,,
,,,,,,,,
,,,,,,,,
,,,,,,,,
,,,,,,,,
,,,,,,,,
,,,,,,,,
,,,,,,,,
,,,,,,,,
,,,,,,,,
,,,,,,,,
,,,,,,,,
,,,,,,,,
,,,,,,,,
,,,,,,,,
,,,,,,,,
,,,,,,,,
,,,,,,,,
,,,,,,,,
,,,,,,,,
,,,,,,,,
,,,,,,,,
,,,,,,,,
,,,,,,,,
,,,,,,,,
,,,,,,,,
,,,,,,,,
,,,,,,,,
,,,,,,,,
,,,,,,,,
,,,,,,,,
,,,,,,,,
,,,,,,,,
,,,,,,,,
,,,,,,,,
,,,,,,,,
,,,,,,,,
,,,,,,,,
,,,,,,,,
,,,,,,,,
,,,,,,,,
,,,,,,,,
,,,,,,,,
,,,,,,,,
,,,,,,,,
,,,,,,,,
,,,,,,,,
,,,,,,,,
,,,,,,,,
,,,,,,,,
,,,,,,,,
,,,,,,,,
,,,,,,,,
,,,,,,,,
,,,,,,,,
,,,,,,,,
,,,,,,,,
,,,,,,,,
,,,,,,,,
,,,,,,,,
,,,,,,,,
,,,,,,,,
,,,,,,,,
,,,,,,,,
,,,,,,,,
,,,,,,,,
,,,,,,,,
,,,,,,,,
,,,,,,,,
,,,,,,,,
,,,,,,,,
,,,,,,,,
,,,,,,,,
,,,,,,,,
,,,,,,,,
,,,,,,,,
,,,,,,,,
,,,,,,,,
,,,,,,,,
,,,,,,,,
,,,,,,,,
,,,,,,,,
,,,,,,,,
,,,,,,,,
,,,,,,,,
,,,,,,,,
,,,,,,,,
,,,,,,,,
,,,,,,,,
,,,,,,,,
,,,,,,,,
,,,,,,,,
,,,,,,,,
,,,,,,,,
,,,,,,,,
,,,,,,,,
,,,,,,,,
,,,,,,,,
,,,,,,,,
,,,,,,,,
,,,,,,,,
,,,,,,,,
,,,,,,,,
,,,,,,,,
,,,,,,,,
,,,,,,,,
,,,,,,,,
,,,,,,,,
,,,,,,,,
,,,,,,,,
,,,,,,,,
,,,,,,,,
,,,,,,,,
,,,,,,,,
,,,,,,,,
,,,,,,,,
,,,,,,,,
,,,,,,,,
,,,,,,,,
,,,,,,,,
,,,,,,,,
,,,,,,,,
,,,,,,,,
,,,,,,,,
,,,,,,,,
,,,,,,,,
,,,,,,,,
,,,,,,,,
,,,,,,,,
,,,,,,,,
,,,,,,,,
,,,,,,,,
,,,,,,,,
,,,,,,,,
,,,,,,,,
,,,,,,,,
,,,,,,,,
,,,,,,,,
,,,,,,,,
,,,,,,,,
,,,,,,,,
,,,,,,,,
,,,,,,,,
,,,,,,,,
,,,,,,,,
,,,,,,,,
,,,,,,,,
,,,,,,,,
,,,,,,,,
,,,,,,,,
,,,,,,,,
,,,,,,,,
,,,,,,,,
,,,,,,,,
,,,,,,,,
,,,,,,,,
,,,,,,,,
,,,,,,,,
,,,,,,,,
,,,,,,,,
,,,,,,,,
,,,,,,,,
,,,,,,,,
,,,,,,,,
,,,,,,,,
,,,,,,,,
,,,,,,,,
,,,,,,,,
,,,,,,,,
,,,,,,,,
,,,,,,,,
,,,,,,,,
,,,,,,,,
,,,,,,,,
,,,,,,,,
,,,,,,,,
,,,,,,,,
,,,,,,,,
,,,,,,,,
,,,,,,,,
,,,,,,,,
,,,,,,,,
,,,,,,,,
,,,,,,,,
,,,,,,,,
,,,,,,,,
,,,,,,,,
,,,,,,,,
,,,,,,,,
,,,,,,,,
,,,,,,,,
,,,,,,,,
,,,,,,,,
,,,,,,,,
,,,,,,,,
,,,,,,,,
,,,,,,,,
,,,,,,,,
,,,,,,,,
,,,,,,,,
,,,,,,,,
,,,,,,,,
,,,,,,,,
,,,,,,,,
,,,,,,,,
,,,,,,,,
,,,,,,,,
,,,,,,,,
,,,,,,,,
,,,,,,,,
,,,,,,,,
,,,,,,,,
,,,,,,,,
,,,,,,,,
,,,,,,,,
,,,,,,,,
,,,,,,,,
,,,,,,,,
,,,,,,,,
,,,,,,,,
,,,,,,,,
,,,,,,,,
,,,,,,,,
,,,,,,,,
,,,,,,,,
,,,,,,,,
,,,,,,,,
,,,,,,,,
,,,,,,,,
,,,,,,,,
,,,,,,,,
,,,,,,,,
,,,,,,,,
,,,,,,,,
,,,,,,,,
,,,,,,,,
,,,,,,,,
,,,,,,,,
,,,,,,,,
,,,,,,,,
,,,,,,,,
,,,,,,,,
,,,,,,,,
,,,,,,,,
,,,,,,,,
,,,,,,,,
,,,,,,,,
,,,,,,,,
,,,,,,,,
,,,,,,,,
,,,,,,,,
,,,,,,,,
,,,,,,,,
,,,,,,,,
,,,,,,,,
,,,,,,,,
,,,,,,,,
,,,,,,,,
,,,,,,,,
,,,,,,,,
,,,,,,,,
,,,,,,,,
,,,,,,,,
,,,,,,,,
,,,,,,,,
,,,,,,,,
,,,,,,,,
,,,,,,,,
,,,,,,,,
,,,,,,,,
,,,,,,,,
,,,,,,,,
,,,,,,,,
,,,,,,,,
,,,,,,,,
,,,,,,,,
,,,,,,,,
,,,,,,,,
,,,,,,,,
,,,,,,,,
,,,,,,,,
,,,,,,,,
,,,,,,,,
,,,,,,,,
,,,,,,,,
,,,,,,,,
,,,,,,,,
,,,,,,,,
,,,,,,,,
,,,,,,,,
,,,,,,,,
,,,,,,,,
,,,,,,,,
,,,,,,,,
,,,,,,,,
,,,,,,,,
,,,,,,,,
,,,,,,,,
,,,,,,,,
,,,,,,,,
,,,,,,,,
,,,,,,,,
,,,,,,,,
,,,,,,,,
,,,,,,,,
,,,,,,,,
,,,,,,,,
,,,,,,,,
,,,,,,,,
,,,,,,,,
,,,,,,,,
,,,,,,,,
,,,,,,,,
,,,,,,,,
,,,,,,,,
,,,,,,,,
,,,,,,,,
,,,,,,,,
,,,,,,,,
,,,,,,,,
,,,,,,,,
,,,,,,,,
,,,,,,,,
,,,,,,,,
,,,,,,,,
,,,,,,,,
,,,,,,,,
,,,,,,,,
,,,,,,,,
,,,,,,,,
,,,,,,,,
,,,,,,,,
,,,,,,,,
,,,,,,,,
,,,,,,,,
,,,,,,,,
,,,,,,,,
,,,,,,,,
,,,,,,,,
,,,,,,,,
,,,,,,,,
,,,,,,,,
,,,,,,,,
,,,,,,,,
,,,,,,,,
,,,,,,,,
,,,,,,,,
,,,,,,,,
,,,,,,,,
,,,,,,,,
,,,,,,,,
,,,,,,,,
,,,,,,,,
,,,,,,,,
,,,,,,,,
,,,,,,,,
,,,,,,,,
,,,,,,,,
,,,,,,,,
,,,,,,,,
,,,,,,,,
,,,,,,,,
,,,,,,,,
,,,,,,,,
,,,,,,,,
,,,,,,,,
,,,,,,,,
,,,,,,,,
,,,,,,,,
,,,,,,,,
,,,,,,,,
,,,,,,,,
,,,,,,,,
,,,,,,,,
,,,,,,,,
,,,,,,,,
,,,,,,,,
,,,,,,,,
,,,,,,,,
,,,,,,,,
,,,,,,,,
,,,,,,,,
,,,,,,,,
,,,,,,,,
,,,,,,,,
,,,,,,,,
,,,,,,,,
,,,,,,,,
,,,,,,,,
,,,,,,,,
,,,,,,,,
,,,,,,,,
,,,,,,,,
,,,,,,,,
,,,,,,,,
,,,,,,,,
,,,,,,,,
,,,,,,,,
,,,,,,,,
,,,,,,,,
,,,,,,,,
,,,,,,,,
,,,,,,,,
,,,,,,,,
,,,,,,,,
,,,,,,,,
,,,,,,,,
,,,,,,,,
,,,,,,,,
,,,,,,,,
,,,,,,,,
,,,,,,,,
,,,,,,,,
,,,,,,,,
,,,,,,,,
,,,,,,,,
,,,,,,,,
,,,,,,,,
,,,,,,,,
,,,,,,,,
,,,,,,,,
,,,,,,,,
,,,,,,,,
,,,,,,,,
,,,,,,,,
,,,,,,,,
,,,,,,,,
,,,,,,,,
,,,,,,,,
,,,,,,,,
,,,,,,,,
,,,,,,,,
,,,,,,,,
,,,,,,,,
,,,,,,,,
,,,,,,,,
,,,,,,,,
,,,,,,,,
,,,,,,,,
,,,,,,,,
,,,,,,,,
,,,,,,,,
,,,,,,,,
,,,,,,,,
,,,,,,,,
,,,,,,,,
,,,,,,,,
,,,,,,,,
,,,,,,,,
,,,,,,,,
,,,,,,,,
,,,,,,,,
,,,,,,,,
,,,,,,,,
,,,,,,,,
,,,,,,,,
,,,,,,,,
,,,,,,,,
,,,,,,,,
,,,,,,,,
,,,,,,,,
,,,,,,,,
,,,,,,,,
,,,,,,,,
,,,,,,,,
,,,,,,,,
,,,,,,,,
,,,,,,,,
,,,,,,,,
,,,,,,,,
,,,,,,,,
,,,,,,,,
,,,,,,,,
,,,,,,,,
,,,,,,,,
,,,,,,,,
,,,,,,,,
,,,,,,,,
,,,,,,,,
,,,,,,,,
,,,,,,,,
,,,,,,,,
,,,,,,,,
,,,,,,,,
,,,,,,,,
,,,,,,,,
,,,,,,,,
,,,,,,,,
,,,,,,,,
,,,,,,,,
,,,,,,,,
,,,,,,,,
,,,,,,,,
,,,,,,,,
,,,,,,,,
,,,,,,,,
,,,,,,,,
,,,,,,,,
,,,,,,,,
,,,,,,,,
,,,,,,,,
,,,,,,,,
,,,,,,,,
,,,,,,,,
,,,,,,,,
,,,,,,,,
,,,,,,,,
,,,,,,,,
,,,,,,,,
,,,,,,,,
,,,,,,,,
,,,,,,,,
,,,,,,,,
,,,,,,,,
,,,,,,,,
,,,,,,,,
,,,,,,,,
,,,,,,,,
,,,,,,,,
,,,,,,,,
,,,,,,,,
,,,,,,,,
,,,,,,,,
,,,,,,,,
,,,,,,,,
,,,,,,,,
,,,,,,,,
,,,,,,,,
,,,,,,,,
,,,,,,,,
,,,,,,,,
,,,,,,,,
,,,,,,,,
,,,,,,,,
,,,,,,,,
,,,,,,,,
,,,,,,,,
,,,,,,,,
,,,,,,,,
,,,,,,,,
,,,,,,,,
,,,,,,,,
,,,,,,,,
,,,,,,,,
,,,,,,,,
,,,,,,,,
,,,,,,,,
,,,,,,,,
,,,,,,,,
,,,,,,,,
,,,,,,,,
,,,,,,,,
,,,,,,,,
,,,,,,,,
,,,,,,,,
,,,,,,,,
,,,,,,,,
,,,,,,,,
,,,,,,,,
,,,,,,,,
,,,,,,,,
,,,,,,,,
,,,,,,,,
,,,,,,,,
,,,,,,,,
,,,,,,,,
,,,,,,,,
,,,,,,,,
,,,,,,,,
,,,,,,,,
,,,,,,,,
,,,,,,,,
,,,,,,,,
,,,,,,,,
,,,,,,,,
,,,,,,,,
,,,,,,,,
,,,,,,,,
,,,,,,,,
,,,,,,,,
,,,,,,,,
,,,,,,,,
,,,,,,,,
,,,,,,,,
,,,,,,,,
,,,,,,,,
,,,,,,,,
,,,,,,,,
,,,,,,,,
,,,,,,,,
,,,,,,,,
,,,,,,,,
,,,,,,,,
,,,,,,,,
,,,,,,,,
,,,,,,,,
,,,,,,,,
,,,,,,,,
,,,,,,,,
,,,,,,,,
,,,,,,,,
,,,,,,,,
,,,,,,,,
,,,,,,,,
,,,,,,,,
,,,,,,,,
,,,,,,,,
,,,,,,,,
,,,,,,,,
,,,,,,,,
,,,,,,,,
,,,,,,,,
,,,,,,,,
,,,,,,,,
,,,,,,,,
,,,,,,,,
,,,,,,,,
,,,,,,,,
,,,,,,,,
,,,,,,,,
,,,,,,,,
,,,,,,,,
,,,,,,,,
,,,,,,,,
,,,,,,,,
,,,,,,,,
,,,,,,,,
,,,,,,,,
,,,,,,,,
,,,,,,,,
,,,,,,,,
,,,,,,,,
,,,,,,,,
,,,,,,,,
,,,,,,,,
,,,,,,,,
,,,,,,,,
,,,,,,,,
,,,,,,,,
,,,,,,,,
,,,,,,,,
,,,,,,,,
,,,,,,,,
,,,,,,,,
,,,,,,,,
,,,,,,,,
,,,,,,,,
,,,,,,,,
,,,,,,,,
,,,,,,,,
,,,,,,,,
,,,,,,,,
,,,,,,,,
,,,,,,,,
,,,,,,,,
,,,,,,,,
,,,,,,,,
,,,,,,,,
,,,,,,,,
,,,,,,,,
,,,,,,,,
,,,,,,,,
,,,,,,,,
,,,,,,,,
,,,,,,,,
,,,,,,,,
,,,,,,,,
,,,,,,,,
,,,,,,,,
,,,,,,,,
,,,,,,,,
,,,,,,,,
,,,,,,,,
,,,,,,,,
,,,,,,,,
,,,,,,,,
,,,,,,,,
,,,,,,,,
,,,,,,,,
,,,,,,,,
,,,,,,,,
,,,,,,,,
,,,,,,,,
,,,,,,,,
,,,,,,,,
,,,,,,,,
,,,,,,,,
,,,,,,,,
,,,,,,,,
,,,,,,,,
,,,,,,,,
,,,,,,,,
,,,,,,,,
,,,,,,,,
,,,,,,,,
,,,,,,,,
,,,,,,,,
,,,,,,,,
,,,,,,,,
,,,,,,,,
,,,,,,,,
,,,,,,,,
,,,,,,,,
,,,,,,,,
,,,,,,,,
,,,,,,,,
,,,,,,,,
,,,,,,,,
,,,,,,,,
,,,,,,,,
,,,,,,,,
,,,,,,,,
,,,,,,,,
,,,,,,,,
,,,,,,,,
,,,,,,,,
,,,,,,,,
,,,,,,,,
,,,,,,,,
,,,,,,,,
,,,,,,,,
,,,,,,,,
,,,,,,,,
,,,,,,,,
,,,,,,,,
,,,,,,,,
,,,,,,,,
,,,,,,,,
,,,,,,,,
,,,,,,,,
,,,,,,,,
,,,,,,,,
,,,,,,,,
,,,,,,,,
,,,,,,,,
,,,,,,,,
,,,,,,,,
,,,,,,,,
,,,,,,,,
,,,,,,,,
,,,,,,,,
,,,,,,,,
,,,,,,,,
,,,,,,,,
,,,,,,,,
,,,,,,,,
,,,,,,,,
,,,,,,,,
,,,,,,,,
,,,,,,,,
,,,,,,,,
,,,,,,,,
,,,,,,,,
,,,,,,,,
,,,,,,,,
,,,,,,,,
,,,,,,,,
,,,,,,,,
,,,,,,,,
,,,,,,,,
,,,,,,,,
,,,,,,,,
,,,,,,,,
,,,,,,,,
,,,,,,,,
,,,,,,,,
,,,,,,,,
,,,,,,,,
,,,,,,,,
,,,,,,,,
,,,,,,,,
,,,,,,,,
,,,,,,,,
,,,,,,,,
,,,,,,,,
,,,,,,,,
,,,,,,,,
,,,,,,,,
,,,,,,,,
,,,,,,,,
,,,,,,,,
,,,,,,,,
,,,,,,,,
,,,,,,,,
,,,,,,,,
,,,,,,,,
,,,,,,,,
,,,,,,,,
,,,,,,,,
,,,,,,,,
,,,,,,,,
,,,,,,,,
,,,,,,,,
,,,,,,,,
,,,,,,,,
,,,,,,,,
,,,,,,,,
,,,,,,,,
,,,,,,,,
,,,,,,,,
,,,,,,,,
,,,,,,,,
,,,,,,,,
,,,,,,,,
,,,,,,,,
,,,,,,,,
,,,,,,,,
,,,,,,,,
,,,,,,,,
,,,,,,,,
,,,,,,,,
,,,,,,,,
,,,,,,,,
,,,,,,,,
,,,,,,,,
,,,,,,,,
,,,,,,,,
,,,,,,,,
,,,,,,,,
,,,,,,,,
,,,,,,,,
,,,,,,,,
,,,,,,,,
,,,,,,,,
,,,,,,,,
,,,,,,,,
,,,,,,,,
,,,,,,,,
,,,,,,,,
,,,,,,,,
,,,,,,,,
,,,,,,,,
,,,,,,,,
,,,,,,,,
,,,,,,,,
,,,,,,,,
,,,,,,,,
,,,,,,,,
,,,,,,,,
,,,,,,,,
,,,,,,,,
,,,,,,,,
,,,,,,,,
,,,,,,,,
,,,,,,,,
,,,,,,,,
,,,,,,,,
,,,,,,,,
,,,,,,,,
,,,,,,,,
,,,,,,,,
,,,,,,,,
,,,,,,,,
,,,,,,,,
,,,,,,,,
,,,,,,,,
,,,,,,,,
,,,,,,,,
,,,,,,,,
,,,,,,,,
,,,,,,,,
,,,,,,,,
,,,,,,,,
,,,,,,,,
,,,,,,,,
,,,,,,,,
,,,,,,,,
,,,,,,,,
,,,,,,,,
,,,,,,,,
,,,,,,,,
,,,,,,,,
,,,,,,,,
,,,,,,,,
,,,,,,,,
,,,,,,,,
,,,,,,,,
,,,,,,,,
,,,,,,,,
,,,,,,,,
,,,,,,,,
,,,,,,,,
,,,,,,,,
,,,,,,,,
,,,,,,,,
,,,,,,,,
,,,,,,,,
,,,,,,,,
,,,,,,,,
,,,,,,,,
,,,,,,,,
,,,,,,,,
,,,,,,,,
,,,,,,,,
,,,,,,,,
,,,,,,,,
,,,,,,,,
,,,,,,,,
,,,,,,,,
,,,,,,,,
,,,,,,,,
,,,,,,,,
,,,,,,,,
,,,,,,,,
,,,,,,,,
,,,,,,,,
,,,,,,,,
,,,,,,,,
,,,,,,,,
,,,,,,,,
,,,,,,,,
,,,,,,,,
,,,,,,,,
,,,,,,,,
,,,,,,,,
,,,,,,,,
,,,,,,,,
,,,,,,,,
,,,,,,,,
,,,,,,,,
,,,,,,,,
,,,,,,,,
,,,,,,,,
,,,,,,,,
,,,,,,,,
,,,,,,,,
,,,,,,,,
,,,,,,,,
,,,,,,,,
,,,,,,,,
,,,,,,,,
,,,,,,,,
,,,,,,,,
,,,,,,,,
,,,,,,,,
,,,,,,,,
,,,,,,,,
,,,,,,,,
,,,,,,,,
,,,,,,,,
,,,,,,,,
,,,,,,,,
,,,,,,,,
,,,,,,,,
,,,,,,,,
,,,,,,,,
,,,,,,,,
,,,,,,,,
,,,,,,,,
,,,,,,,,
,,,,,,,,
,,,,,,,,
,,,,,,,,
,,,,,,,,
,,,,,,,,
,,,,,,,,
,,,,,,,,
,,,,,,,,
,,,,,,,,
,,,,,,,,
,,,,,,,,
,,,,,,,,
,,,,,,,,
,,,,,,,,
,,,,,,,,
,,,,,,,,
,,,,,,,,
,,,,,,,,
,,,,,,,,
,,,,,,,,
,,,,,,,,
,,,,,,,,
,,,,,,,,
,,,,,,,,
,,,,,,,,
,,,,,,,,
,,,,,,,,
,,,,,,,,
,,,,,,,,
,,,,,,,,
,,,,,,,,
,,,,,,,,
,,,,,,,,
,,,,,,,,
,,,,,,,,
,,,,,,,,
,,,,,,,,
,,,,,,,,
,,,,,,,,
,,,,,,,,
,,,,,,,,
,,,,,,,,
,,,,,,,,
,,,,,,,,
,,,,,,,,
,,,,,,,,
,,,,,,,,
,,,,,,,,
,,,,,,,,
,,,,,,,,
,,,,,,,,
,,,,,,,,
,,,,,,,,
,,,,,,,,
,,,,,,,,
,,,,,,,,
,,,,,,,,
,,,,,,,,
,,,,,,,,
,,,,,,,,
,,,,,,,,
,,,,,,,,
,,,,,,,,
,,,,,,,,
,,,,,,,,
,,,,,,,,
,,,,,,,,
,,,,,,,,
,,,,,,,,
,,,,,,,,
,,,,,,,,
,,,,,,,,
,,,,,,,,
,,,,,,,,
,,,,,,,,
,,,,,,,,
,,,,,,,,
,,,,,,,,
,,,,,,,,
,,,,,,,,
,,,,,,,,
,,,,,,,,
,,,,,,,,
,,,,,,,,
,,,,,,,,
,,,,,,,,
,,,,,,,,
,,,,,,,,
,,,,,,,,
,,,,,,,,
,,,,,,,,
,,,,,,,,
,,,,,,,,
,,,,,,,,
,,,,,,,,
,,,,,,,,
,,,,,,,,
,,,,,,,,
,,,,,,,,
,,,,,,,,
,,,,,,,,
,,,,,,,,
,,,,,,,,
,,,,,,,,
,,,,,,,,
,,,,,,,,
,,,,,,,,
,,,,,,,,
,,,,,,,,
,,,,,,,,
